age,income,credit_score,loan_amount,employment_years,region,product_type,missing_feature,duplicate_prone,id_col,target,post_event_score
42,53753.73463488444,660,15658.3454791251,0.055374453611640215,west,A,7.950942174173987,4,1,0,0.0
51,66142.62537631873,850,19797.718308743402,4.891682292306256,south,A,11.81612568703597,4,2,0,0.0
65,55415.70702799528,681,32447.875038304126,0.5127778588444128,west,A,7.594606828197939,1,3,1,0.9385451787236128
49,48544.76513679131,640,31277.944294399364,0.6825020672850148,north,A,9.42726772826965,5,4,0,0.03182610233541183
48,28274.099402977416,707,23473.827390579816,0.4510584311059259,north,A,8.827896720048884,5,5,0,0.0
42,49124.461320974406,616,5193.509271567732,9.275941163018834,west,A,10.328641318763832,4,6,1,0.9790075070542128
47,68497.32389474504,470,25232.115877286706,9.9532717965367,east,C,8.719019856289147,3,7,0,0.0
39,31488.243776911677,625,38249.71770740104,3.2279939121180687,east,A,9.458212745858125,3,8,0,0.0
65,46328.79239295093,624,15585.769189645493,3.5449961358701025,south,C,9.52773981644403,2,9,0,0.0
30,44187.72901762459,490,36876.11046232181,9.167130972241736,west,A,8.531224485217399,4,10,0,0.0
40,39534.43144043382,642,5681.8768917775205,1.4220845747311712,east,A,10.970187736994225,2,11,0,0.04250520484485684
49,53718.845067785085,443,45860.35119415393,0.26995449116727693,south,C,10.476776749674851,1,12,1,0.9485429022957995
48,56649.57861884011,615,47751.764344510586,1.7106339571533011,south,B,9.822772109493666,1,13,0,0.0
39,56492.40357190155,674,5110.76675410517,11.76492199604085,south,A,,3,14,1,1.0
28,35347.85354577313,659,25601.828621293054,3.0819282991130397,east,B,11.593088061039994,5,15,0,0.04361810458066546
31,25310.244584994758,608,23621.987310740107,9.910841718258034,east,A,,4,16,0,0.0
44,53935.826547960925,641,42884.75101637779,18.987445121822546,west,B,9.386605424348126,5,17,0,0.07336077025114536
26,42411.21437776022,571,29332.47160954709,0.20634087423345854,south,A,10.209380059776253,4,18,0,0.0
50,77574.68569530179,651,32511.44614712229,5.517694684323787,south,B,13.393173365941701,5,19,1,0.9272972199695796
59,78267.6454402242,655,14112.77013888901,8.840647416973908,east,C,7.319287583957593,4,20,0,0.0
53,79860.34691594061,559,8467.91005986864,1.130460140742651,east,B,,5,21,0,0.0
56,35898.3364844793,676,36154.89937321813,6.515377187809678,south,B,6.2136576775237895,3,22,0,0.016827448258005813
27,58540.536301131404,676,32930.41963862428,2.247128331261733,north,A,10.434546316457247,1,23,1,0.9511105340305414
39,63064.28775877226,633,42454.79302924751,6.222492780235072,south,A,13.150165655217462,2,24,1,0.9294903818075391
33,61375.313503166035,850,43010.7551348925,1.5494989403549653,north,A,,5,25,0,0.01898983475678028
29,44684.03083709212,635,33396.587328782145,14.202875714529977,north,B,,4,26,0,0.041197462359535864
37,69187.47354447989,622,29226.262232762965,17.27984208054373,west,A,8.879101062393849,1,27,0,0.05254291984576995
65,50007.12479549784,607,46130.3721055333,0.7602535120363478,west,A,10.062094400977108,1,28,0,0.043764223233488705
65,51921.59187403159,552,41056.886113354274,13.367328442658273,north,B,9.495874369193288,4,29,0,0.0
34,26932.49822334285,718,44709.124773541014,4.234559279706158,south,A,,5,30,0,0.013804548222485264
43,59671.47454359483,581,49812.840422329675,1.0013243972614756,south,B,9.42024876905026,4,31,0,0.024843578869621217
47,46093.82429641383,593,23157.76044949306,1.5593554412243043,west,B,10.39676232125288,5,32,1,0.9762558377455454
39,56971.68293150788,596,37262.05980308379,14.29875963887077,south,A,8.46556586293872,1,33,0,0.008237605195235751
60,53526.70549706928,551,35963.05168542103,6.204005466896621,south,A,8.387436358630632,5,34,0,0.0
37,52714.04864995656,474,12836.422099975998,0.6301389591048283,east,B,7.279513124815651,1,35,0,0.0
36,49314.296412999734,603,33644.68698618695,4.847328842963462,south,A,10.781450052177792,5,36,0,0.018589365279404146
34,61798.99601990681,737,24264.017414550668,8.40330476392563,north,C,11.09064652393412,5,37,0,0.07537713271735974
39,47016.611946724006,669,25278.601555117002,4.004359076350892,south,A,10.463320888473035,3,38,0,0.057571980666091975
24,28172.03870820525,806,13106.209543432562,2.0076184558890104,north,A,11.930340985457331,3,39,0,0.033042923886715946
40,58534.33409560901,725,38513.27057611859,15.067730423776155,east,A,,3,40,0,0.003985001938738808
44,37864.917126325425,702,36407.34453552151,23.859109746094845,west,B,,3,41,0,0.0
44,30136.072359767903,838,28953.056255097363,4.137047513251,west,A,,5,42,1,0.9276200023056174
32,34666.349987861024,640,12052.363605161965,4.759395910674883,south,B,9.816919961163585,2,43,0,0.0
44,54249.98569035382,656,30058.915341070708,1.4689946377426668,south,C,8.938356343740706,2,44,0,0.0
44,48552.217953577245,648,9506.003996615917,8.772675302557758,north,A,,5,45,1,1.0
44,18009.75455490729,804,20271.74117640154,5.489461056393788,south,A,,5,46,1,1.0
53,44245.16085420996,650,21756.10292567208,0.8267650530432241,north,A,8.668244577759127,3,47,0,0.03682867097632311
32,67538.46837462147,585,44754.142664329,4.935530183885462,east,B,10.868019646900214,2,48,0,0.05913332190348994
39,43230.56493599932,708,23700.293394997334,2.409941338761093,west,A,10.50370883059001,5,49,0,0.0036128775763239885
28,47517.85169858611,568,31931.144088160865,2.0298542117990435,north,B,7.190416904779346,5,50,0,0.0
51,65644.87155990729,703,44365.054455679274,4.802263760663736,east,B,12.245356509127477,2,51,0,0.0
33,61932.33887306804,691,24159.174744003332,1.2374150515028493,east,A,9.811610849298333,3,52,0,0.0
56,65326.26631477567,631,44766.65840318294,12.366928819888567,south,A,7.778137809568559,3,53,0,0.03289299958780484
56,8411.695849194453,706,11140.759063698788,1.578788117828854,east,C,12.377568228707748,5,54,0,0.0
40,76002.84557663166,501,21417.942072198195,8.891831373820688,east,B,11.251351143192307,4,55,0,0.0
40,59546.006531418934,666,9262.726207990905,0.5664922268371227,south,A,7.470916016104171,3,56,0,0.034681111483554176
29,86922.14621036225,603,30241.833317657813,8.344784201394152,west,A,,5,57,0,0.0
43,38265.10953838575,850,48077.69271835111,3.3034474096266404,east,A,11.317594736732385,4,58,0,0.048198829291112494
53,23548.240915266346,665,34562.832589456935,1.295266318593274,south,A,9.979607768749908,3,59,0,0.0
46,50108.27685087764,590,33173.40278069369,19.84332429575229,east,C,13.180437611243558,5,60,0,0.015327548396941263
63,45869.41505364259,512,17517.138450941224,2.9266827621130647,east,A,10.318595567659282,3,61,0,0.0
38,59804.95975422232,780,46899.804138040476,2.4241709556127655,north,B,9.943833849791936,3,62,0,0.041367089821198966
38,66123.92516879534,614,26219.065314906256,7.440662575896238,north,A,8.679399767956022,2,63,0,0.0
33,48690.58782680755,570,17015.09238706186,5.901595929605429,south,B,11.163700878614158,2,64,0,0.0
65,46389.37931280911,683,49446.49911948534,5.45134756318374,north,A,10.95320593464796,2,65,0,0.03750221929305684
29,57840.79729274191,714,24040.577020763256,12.456322144228986,south,B,10.029360279779423,1,66,0,0.0
52,46155.07001461253,713,21717.454208429488,6.631630023983652,south,A,8.420027292264795,4,67,0,0.0
53,44900.268486548186,651,6573.257028447549,3.146794857972033,west,B,10.259859708332147,3,68,0,0.0
52,65557.02408012928,665,13023.273791510715,4.874640654974848,north,A,9.860402428475725,5,69,0,0.045640518991361845
34,68896.66785355359,673,41413.61097825262,1.209043618569212,east,A,7.333051362531598,4,70,0,0.014960810520501956
30,66259.49365794641,683,26721.27970709676,7.137626397925649,east,A,7.056375297351629,1,71,0,0.012033204402852177
40,47476.55430911712,692,47969.36271163371,4.048391014744953,south,A,11.13030675761954,4,72,0,0.0
49,17903.165183702255,759,8774.861145061159,2.86496124053454,west,A,4.796223369896622,1,73,1,1.0
36,47776.90870410728,655,32717.45490792943,8.24248572368248,south,A,10.41082105392252,1,74,0,0.0
39,38630.29980984427,568,37399.28663944919,18.977071156224845,south,A,9.04383388449235,4,75,0,0.0
36,48054.12471484118,635,32953.24069090716,7.083460607604644,north,A,12.61649321375982,1,76,0,0.0
43,39933.636609235866,725,28844.4902056635,2.090533449042911,south,A,,3,77,0,0.0
43,49688.90216801597,471,31023.42441524199,3.056326973332933,north,B,11.318968428503792,5,78,0,0.05322366300336551
65,34410.86556152653,471,36029.73161193891,11.849290198852469,west,A,9.206172317524416,2,79,0,0.011334749458159009
50,30789.238449224318,741,43846.85946368881,2.3289976832466013,north,A,10.227496306972286,4,80,0,0.0
31,68340.37223856337,802,20135.50899281086,5.996188805684056,west,B,11.473673061840103,2,81,0,0.0054573159050594336
31,35455.1357994852,523,25684.433619875046,3.4192358951494533,north,A,9.07488856735084,1,82,0,0.005180698606710856
52,50004.974378845305,660,33615.931397772685,0.6616061369471595,south,A,11.993109768996808,1,83,1,1.0
42,64317.72269904253,610,19139.717854690138,3.475893585355181,north,C,8.012604245787033,1,84,0,0.00886672151299116
65,63714.56189344359,623,13045.228967601292,1.8546411854033389,south,B,10.589185685116759,1,85,0,0.0
65,61922.72307373027,680,48477.59405501599,3.654833180476053,east,A,11.845279445575706,1,86,0,0.00532691800151054
33,54542.99771752303,520,13762.799995830677,9.113000107204524,south,A,,5,87,0,0.0
46,60860.049628052744,539,15472.989293101284,4.584723191487599,east,B,13.83288975347082,5,88,0,0.028781180420198928
31,70596.3219890923,619,32840.87452171666,2.3282978767329245,west,B,8.47312136537868,2,89,0,0.0
52,56375.3389099306,635,8481.573946467626,0.23887490022575955,north,A,7.241701497302824,4,90,0,0.058879891507945814
65,22441.964797787245,537,6532.144421684296,8.348983559865959,south,A,8.011329783009762,2,91,0,0.0
44,42072.00190774855,728,7880.612171240687,11.22271131699424,east,B,11.320885133096874,4,92,0,0.08372124712633572
38,60445.55107583132,608,10546.864060359574,0.5664121809157452,east,B,10.995845868538757,2,93,0,0.0
47,40593.56099435894,607,24313.85879603842,6.878231408957655,north,A,,4,94,0,0.0
55,74301.59209187966,678,42316.72895590211,2.3150387813160345,north,A,7.75408590178574,2,95,0,0.014952851897050048
55,49052.30257750353,637,20388.735189298728,0.7700915259348731,south,A,11.533734586658122,5,96,0,0.03093574922122901
38,51278.731570391545,733,24238.913659133887,0.07750363638176613,east,A,7.550590444698919,5,97,0,0.0
36,66871.16298352604,556,32011.299177614015,11.800785575735704,west,A,,2,98,0,0.04463030261289359
45,47257.25154036061,510,18596.499153069257,0.16824780749979013,south,A,15.71487684627973,1,99,0,0.0
39,52644.15553592279,619,24464.20454455912,2.0181097740376566,east,A,10.7329022931431,2,100,1,0.9800154026608979
60,63486.852259986685,656,22384.025908896234,18.480881523167856,south,A,11.166216271315486,2,101,1,0.9848961028758815
39,27915.940762494705,525,20384.759374250894,0.3856831834642581,north,B,,3,102,0,0.0
43,45720.527564186756,511,22477.69262669169,0.31005135349094515,south,B,6.379573357826367,3,103,0,0.0
47,62437.2994306868,668,5500.29696854285,1.4145029761780867,south,B,8.794561273939555,5,104,1,0.9987666466745753
30,50984.00222513891,574,44881.73006547131,19.329090496060775,north,C,7.814209517802501,1,105,0,0.0
36,72010.0071811622,504,48980.605885191086,7.077447854506687,east,C,7.105990847169968,3,106,0,0.0539091381855169
65,26361.149627196224,746,43812.328613726226,4.593400582824535,south,A,,1,107,0,0.0
54,24649.973480808003,586,5258.4023324408745,12.91055038094924,north,A,10.545725036051547,3,108,0,0.0
38,61545.29774934077,764,38789.849601257985,1.5685304343520523,south,B,,4,109,0,0.06017456127617726
52,62987.10822399162,652,30789.50776640211,6.659647451729492,west,A,9.3819552696075,5,110,1,1.0
60,47101.2498975225,679,9237.870995348765,3.426872678869962,east,A,,3,111,0,0.027468984307818602
40,56005.916000685866,628,46978.66106958189,1.5293226952200574,south,C,11.929101364478667,1,112,0,0.02267168116697657
53,61178.1046644711,384,39929.77081501866,4.780182735376432,west,A,9.935325762609569,5,113,0,0.022893582371727703
51,37792.051912223804,536,11538.332890164216,8.875505493756009,north,C,11.061387876049466,3,114,0,0.0910524997423841
31,39397.27437426051,637,48381.86433620732,4.093910561716513,south,A,9.607991404309969,3,115,0,0.004577032899015866
40,52845.89268797955,686,10678.943876478803,2.5990013394019273,east,A,9.315694218535906,4,116,1,0.949432836157863
65,63561.3343984058,471,25460.594532917756,0.6267171056067316,south,B,,2,117,0,0.03193987431139457
65,32510.64610463023,644,12153.907969662785,5.347401790317459,east,B,,5,118,0,0.0
54,47030.78552097471,537,11758.5857776057,2.134396091017986,east,A,9.476876197867197,1,119,0,0.0
36,46336.45052443342,673,48551.258226857455,2.6285783502588553,south,A,10.112993383986465,1,120,0,0.018509050087785944
25,56269.38657564146,648,30745.525162655307,2.657494066335425,west,A,7.427739926582419,5,121,0,0.0
35,49869.52444986749,724,16662.871296185112,3.839893983171595,west,A,9.931050269930735,3,122,0,0.0
31,41811.74624295711,756,39937.971688994,3.4138082584926153,south,A,10.107505125981005,5,123,0,0.02379242855352058
65,68728.48671136108,695,44385.997968612835,11.543476458392648,west,A,5.687983987881242,5,124,0,0.0
27,41911.1377756877,736,46292.177155450045,4.580529022067203,east,A,8.169750681040998,5,125,0,0.048669265799517865
32,45618.554554678194,614,46984.32369350924,7.0774680616463375,north,A,10.814527787470936,4,126,0,0.0
45,26127.535461205647,850,45751.182338988285,5.1270175493219465,north,A,10.774117458791487,4,127,0,0.0
42,39295.61184731157,528,33751.95781669568,0.2107269840619671,north,A,7.692650167200479,4,128,0,0.09530279328776611
65,57741.14114508575,597,20410.99924131757,1.8704909154963951,north,A,10.31689610099947,4,129,0,0.0
50,54809.029345322895,740,46650.545484749695,1.1336009261851867,south,A,12.044814450720944,2,130,0,0.0
41,58992.75485098643,725,10512.343760017371,4.838609901884118,north,C,11.554145917981796,5,131,0,0.09257419237814501
61,58264.73428918506,698,12595.99167728679,16.95485505234376,east,C,9.809428425972131,1,132,1,0.9985704276050363
38,81315.7105444273,717,24522.23932230622,0.8532461130239882,south,B,,3,133,0,0.06733853345319994
65,38782.11758829635,441,17764.922399593175,3.2113334647733405,east,A,8.74131103133099,2,134,0,0.03262374322025074
34,25708.643848478172,808,32707.976640074212,4.653162408371213,east,B,10.935639565819315,4,135,0,0.0
23,34241.70505892714,629,45738.586533408044,2.375020292208299,south,A,10.390207946285775,2,136,0,0.0
42,39445.22246252613,774,27096.409686760144,5.732210007315629,east,A,11.258808012204401,2,137,1,0.8940341292928629
26,35385.095950746334,446,29924.176703833953,2.6887149305413685,west,B,,5,138,0,0.0
55,51404.91271467281,675,24041.01780414916,3.2981343844393263,south,A,,3,139,0,0.011610925291559705
44,68789.82358335532,593,36840.61219891724,8.783224451715734,south,C,,4,140,0,0.011583145484628757
65,73094.88609454872,707,9530.995093079622,4.040071045164041,east,B,11.569377432263373,5,141,0,0.1232929378576948
40,57564.627527699064,681,7186.54486669527,7.415475195256866,west,A,,5,142,0,0.014047903307475275
30,82119.08323181023,686,33860.23134949233,4.577777686965147,east,A,8.390946739550373,2,143,1,1.0
48,44654.40415150371,544,29069.534531936835,1.4935663728872195,west,B,6.383711906258508,1,144,0,0.05824815837049505
37,25512.214369963604,644,23331.111305871997,2.4882006456848584,north,A,13.086985712029106,5,145,0,0.02702506557638958
53,65797.67101832254,631,20029.66888456274,5.280131537244899,north,A,10.513317461424524,2,146,0,0.0
34,22421.08412376406,699,7331.334981940649,3.2463097744459195,south,A,6.571028209007757,4,147,0,0.0
63,38674.95465950294,748,35625.0273086299,0.44975323635358233,north,C,,4,148,0,0.0
43,57801.68348634194,665,23966.039111932278,5.523346299183862,north,A,11.543748584739657,3,149,0,0.022210551456829
41,48464.27779926829,522,25037.06177838275,6.729500969584642,north,C,,1,150,0,0.0
62,47135.70855692741,660,45205.01831353513,1.403109285137355,south,A,,3,151,1,1.0
56,32288.14950769991,850,38189.65471355655,13.935549744956878,west,A,,1,152,1,0.949545634483515
35,49837.96415849995,814,14874.941691198119,3.9932933308942076,west,A,7.905425707232379,2,153,0,0.007342422920432197
55,65054.937331066874,352,34572.49234348022,0.6781199137545905,south,B,,2,154,0,0.07760336607036845
51,50299.51874804028,656,10951.489332664596,1.3596664491532935,west,A,10.422772950096535,3,155,0,0.0
41,37546.61180538409,743,13732.87405334644,4.351621206167732,west,A,10.780909864107764,1,156,0,0.09215008134833887
54,31286.923091040044,631,37136.715832959555,0.725563704233375,south,A,10.992686068681463,5,157,0,0.008183572366446432
63,37856.08125566632,603,10665.06882124539,3.488275106068391,south,B,,1,158,0,0.0
42,55885.00628621538,623,17608.727811694007,12.45847032111594,west,A,,5,159,0,0.005830925115193315
42,55154.03393539565,705,45412.71205925927,17.832496885635337,south,A,10.978767877876818,2,160,0,0.0
41,37992.39349106497,535,38224.19652266956,10.784029138095882,south,A,,3,161,0,0.0
35,16838.608670269132,768,46825.67829384589,3.356778704770683,west,A,10.125396606473428,5,162,1,1.0
42,56300.19145508247,644,44682.50038825416,10.14916006183174,east,B,10.215068360107269,4,163,0,0.10963565819735568
40,36534.389015371235,556,19066.073988889064,7.043851155545595,south,A,10.430196271638073,1,164,0,0.024021463501633464
40,60335.93718522925,762,33456.984551646645,8.378508021229713,west,C,,4,165,0,0.027066048067822975
40,38658.35536808375,495,22041.3055154798,6.171845966390137,east,B,11.110291363889662,3,166,0,0.0
32,35181.49319495287,594,36369.69492317493,1.4024259716285103,south,A,,5,167,1,1.0
57,52297.57860889377,592,20680.565974291083,7.118777691334341,south,B,8.38174803011792,3,168,1,0.9980364190770112
36,85365.48845039553,850,5059.281734602664,6.189751173166116,north,A,,5,169,0,0.013361004909844832
65,61235.4498667486,581,9227.219682730345,8.023603549142663,north,A,9.943964430208512,3,170,1,0.9217391766267888
33,52043.28948808778,434,39695.55468002483,0.8938245659299304,west,A,10.386363159626397,1,171,0,0.0
65,55382.77304571452,591,8780.236014751747,3.2928975495054855,north,C,,3,172,0,0.018367657409061888
39,23733.26207771604,695,31974.020745810907,0.9035739098772042,west,A,,5,173,0,0.045360586729199556
55,33164.89443871165,728,43600.03305616366,0.52882334333108,north,B,10.844578038250718,1,174,1,1.0
44,12336.067024292912,850,38349.55565789507,0.30667316405739636,east,A,,2,175,0,0.0
31,75948.10841864934,790,23604.745766879332,12.195401533806017,east,A,,1,176,0,0.0
31,72910.79043733623,668,14387.189688191884,5.420773430655073,west,C,14.67569023834433,5,177,0,0.029206855052760685
36,55892.27789322365,560,46514.186948382245,5.382280522896144,south,A,9.243921416537047,3,178,1,0.9626595805997584
38,52026.726546263075,812,30487.985680327693,30.0,west,A,,4,179,1,1.0
42,26726.149962536296,613,23243.90266701751,1.2879467506524398,south,B,8.402388510214037,5,180,0,0.0
47,46710.50059623963,584,47392.596456047526,3.858055282254159,west,A,9.296950529713413,5,181,1,0.9950795028133276
41,76885.87817605838,608,14675.79847423599,4.717750850952387,north,B,10.497867820793315,3,182,1,0.9982881591378442
46,51971.23997293571,524,24902.684260412967,8.47012447239353,south,C,,5,183,0,0.024023354850162253
48,41530.30300682156,603,9889.056912357786,2.8851299171587925,east,A,10.638189668047149,3,184,0,0.0
40,23628.9400999458,626,10619.611740479218,4.800695585899563,east,A,12.518229698669472,5,185,0,0.0
51,70704.58591596207,723,22936.83151985758,2.590329686484836,west,C,,5,186,0,0.00856363807728408
55,48948.74298458516,611,36484.71601932946,13.079360893702402,south,C,,2,187,0,0.026321513627273918
49,23648.992199557564,523,20250.227486938253,5.323893261052585,east,A,15.407970214558773,4,188,0,0.05037274813165189
49,36136.01476892687,489,36031.9087671351,14.756471625639403,east,A,10.788475298884062,4,189,0,0.0
45,30836.929739628045,670,41233.57111635766,5.888876287152108,west,A,8.561036908042905,4,190,0,0.03878408205077236
59,48023.84711432042,657,44491.00615940014,9.454841333515281,north,A,8.611472475503863,1,191,1,1.0
42,53110.08454419228,594,7012.377682418161,7.336048827852991,north,A,8.114640170937319,3,192,0,0.06612025388571681
36,42451.74403582213,603,39817.92447378912,1.2324843586551337,east,A,11.873138711713576,1,193,0,0.0
43,61655.69894730322,688,11621.395500080816,1.7171409623348453,north,A,9.271245414213517,5,194,1,0.913505034860296
31,51182.033607086625,789,36421.803198470036,2.282549830183191,north,A,10.254724951312971,5,195,0,0.0
30,65934.68577908195,571,21724.810952000076,5.5551729519835735,east,B,9.872982651123463,3,196,0,0.004422537423135585
55,44642.088828789216,658,36850.69839626878,11.393651243207596,south,A,11.46298481588187,1,197,0,0.02590971211992471
65,95679.88388016718,745,14622.09100285986,6.078259185030059,south,A,8.30651181423196,4,198,1,0.9233658816829692
39,41532.669147890636,572,34024.582350544784,3.7016828957757437,south,A,,3,199,0,0.0
55,36450.050123661924,648,10648.133917787325,1.274664133870926,east,A,,4,200,0,0.043405178578230744
28,34605.49174856364,646,12638.549644556311,3.8043787573835655,south,C,11.201918569399794,1,201,0,0.0
27,46835.88910168542,518,32650.786632405187,16.451495164212318,west,A,10.665064626195282,3,202,1,0.9847132808933957
59,24206.958637013246,666,20154.71712426623,6.18370419507146,north,A,,2,203,0,0.095316319889175
49,54418.44265741716,653,36670.01329012138,2.1322457009334443,north,C,,5,204,0,0.0
42,21420.443456527897,705,35832.17459312093,7.852788199148387,north,A,8.512278145808732,2,205,0,0.061657735499215716
65,52425.06386085847,531,32973.52956147853,0.7970244167807421,west,A,8.956922710427234,5,206,0,0.051062486793709505
41,29731.223838554703,650,37874.3243555443,6.90991742720187,south,B,,5,207,0,0.0
33,44280.598889298606,788,40727.085829864875,1.2941491692664477,north,B,,3,208,0,0.0
29,59068.10598698539,850,46014.04771123208,0.06763753257354643,south,A,11.266843082054699,1,209,0,0.0
43,84560.5652581453,778,8623.212326679208,4.4805457791073735,east,B,11.209986751357746,2,210,0,0.009097387817176847
45,33829.992188282646,532,30719.70566503024,8.146170661011432,south,A,12.494422842284902,1,211,0,0.0
40,47745.23825860412,695,38694.957512918045,8.298762730592253,south,A,15.625298496477447,4,212,0,0.0
55,39143.619878366866,601,14762.36555014448,10.890765034903355,north,A,6.581547792179689,4,213,0,0.0
63,36951.94516158807,678,16862.951433962568,4.025379987291274,east,B,8.523246838245784,2,214,1,0.9838351149700558
39,39275.40005045683,572,17013.395495093937,3.043586671839824,north,A,8.767649831650953,4,215,0,0.0
28,62360.99713455408,478,30754.98371635332,6.627391587353683,north,B,8.298360755234615,3,216,0,0.0
46,42679.16203654431,615,21477.67558095469,11.408573973229192,east,C,7.844833504792575,5,217,0,0.004882454396472582
59,83739.69047406282,722,34974.26330547196,1.1801264919350944,west,B,9.400693871889269,1,218,0,0.0
39,56239.68883842101,678,32460.785688557135,9.146820778758435,east,B,7.566792569421191,1,219,1,0.9066594456692649
49,34849.84008238887,690,34570.03248963719,14.283187294869897,west,A,10.670084735074827,5,220,0,0.0
32,44499.422267823844,671,16354.292756415187,9.923198348750972,south,A,10.103396642857229,2,221,0,0.0
46,37972.29514940016,690,39531.71191203486,2.652621068814523,east,A,10.96205732952731,5,222,0,0.06376222635412358
50,62001.02979420071,702,34881.59978459123,8.843849903862575,south,A,11.015456903276505,5,223,0,0.0
46,25418.305151521206,622,10879.232568415291,2.8052070413933556,east,B,11.206013706853353,1,224,1,1.0
65,29885.729293462846,658,14007.778358407986,2.172075058580649,west,B,9.253182126352236,3,225,0,0.06914060016928585
65,41126.808218762875,824,18543.43158379093,18.846377399446887,east,A,,4,226,1,0.9685965645489204
52,60244.20189707488,664,47121.8678527429,5.171128872637044,north,A,,1,227,0,0.0
57,68495.90412234158,654,19685.743862190502,10.364590091245471,east,B,6.2750304947504105,5,228,0,0.08643458874548508
46,70708.13286159265,660,5894.558719939366,4.103280388719807,south,A,7.995248508467565,1,229,0,0.01144880775746232
42,57947.02279921295,628,11373.158194648246,3.603038934643229,east,A,6.518994021944369,1,230,0,0.018687492103446356
38,48756.656954629696,606,6447.732064286578,6.615154148764537,east,A,10.034669258302614,3,231,0,0.0
32,61919.38718470989,670,23127.765986444745,9.319438601635788,east,A,,2,232,0,0.03435254152161201
65,32832.49073852434,599,40871.90304363668,6.554761483440285,west,B,9.063148604201084,4,233,1,0.9980178693157208
65,22330.141669756602,635,25269.61012650515,4.179017266001507,west,A,14.021852224801028,2,234,0,0.0
43,56549.56366529733,570,42754.7360656916,3.0445255384437875,west,A,,2,235,1,0.9822383733008592
43,34914.82374276725,660,7138.819461233183,2.5950882649054665,east,A,11.452196722892669,5,236,1,0.9408410604890108
50,49020.39901751779,708,26137.528886514378,0.3784381649447339,south,A,,1,237,0,0.005612048213627249
41,51794.405238092215,628,40418.39174582394,6.907371478917944,north,A,8.001710217337976,3,238,0,0.0
33,53721.79338767445,449,35362.49979442777,5.674160119631198,west,A,,1,239,0,0.023906423284623994
31,64066.87307787578,709,43377.14917132101,1.8102989258285653,west,B,10.346014279304452,1,240,0,0.0022381710466898136
65,62481.12782437597,662,17322.56257593088,4.2248732694543865,north,B,6.287376865771086,2,241,1,0.9375995498210568
28,52925.001007515355,550,27538.28583296219,7.9572510822643014,north,A,,2,242,0,0.0
47,43369.770792958916,727,35459.53602540026,3.071479744270917,east,A,,3,243,0,0.03102813508155421
29,51616.43133014481,510,12582.048027145442,17.094863242448053,north,B,,3,244,0,0.05739965179069831
41,41056.84374987618,754,41711.302160466665,1.1133387537586872,north,A,8.373219175306648,1,245,0,0.0
39,47053.56616990743,644,19016.152285593773,2.045686596712959,west,A,8.92092963615772,1,246,1,0.9451279752529477
30,89272.60135370621,423,9198.828676206263,9.106042926131764,north,A,9.646281612854407,1,247,0,0.0975492470150527
51,52732.84551325311,667,39456.55808068823,8.879229400844954,north,A,10.181600047220096,4,248,0,0.0
32,56753.67525556323,609,36725.80908793911,5.908914673099238,west,C,11.209583165101137,5,249,0,0.004573446766098658
29,39417.79026454457,594,44765.58889779976,4.951427474503174,north,A,12.161712409901742,1,250,0,0.0
53,65301.101246448015,576,45143.36354467058,1.31074308277483,west,C,9.4113045529455,1,251,0,0.01076101142701934
39,61404.08633995136,637,17533.66030617099,1.5917407882896524,east,B,9.087687607769285,4,252,1,1.0
35,61510.28831982627,601,33861.3248848019,4.06963711882371,east,C,10.875311347068612,4,253,0,0.012718263442846637
54,53223.36870130195,464,49960.53482773964,1.9291321032741116,west,B,11.221689832821708,4,254,0,0.05324816245696721
32,65512.85143650156,777,15971.294680748244,0.6055910146227911,north,B,9.13159913348223,1,255,0,0.0014491928268163077
28,69075.277949521,625,26279.450085137814,7.257272721324261,north,A,,5,256,0,0.0
61,54246.48379023943,576,45957.48640882288,20.577577763450467,north,B,,4,257,1,0.9658381665353504
65,48280.81461499516,537,9638.583868696835,3.3033198593026976,south,A,12.583372931317346,1,258,0,0.0
41,63418.564851721414,727,46771.24539002877,3.132708939136796,west,B,13.556641813439645,1,259,0,0.010889329179334259
23,36438.12040160385,520,26967.001755279933,4.12288385050543,north,A,8.267167722681123,4,260,0,0.061194439682500046
41,39230.5957907701,663,45186.83548574008,1.2001135681375623,south,A,10.027796418665023,4,261,0,0.00805054710754118
55,49200.49485672648,591,32961.71348720961,4.780794819891012,south,A,10.02255539323732,4,262,1,0.9846109090684866
59,23879.643973427817,597,35214.599616038526,6.118846160663596,north,A,9.803852862934985,3,263,0,0.0
33,62413.929103451366,539,39784.35881425969,1.1948713476862802,south,A,8.701474160779728,3,264,0,0.01777229314225871
39,35556.29168801265,587,8021.124139287562,3.719255561291735,north,A,7.0288759935378575,4,265,1,0.9380933973603188
46,42927.634677473645,650,33249.57525678378,10.01968878043474,north,A,,1,266,0,0.0
54,46800.80606480344,673,46577.176014733646,1.2364531296712413,east,A,8.463288680904174,2,267,0,0.045008163382029155
52,50589.30232355825,571,48025.56757819806,6.874236879771724,west,A,10.17198696149525,1,268,0,0.0
49,44845.20085365437,640,48574.46498015087,4.5334319116437864,south,A,8.411912916602294,5,269,0,0.0
59,48989.43429154477,738,34062.47956705716,0.7476268720039152,east,A,7.800683308311317,4,270,0,0.0
42,49105.585514143786,483,33497.90816561892,2.7194024655865703,east,A,10.468596720753796,4,271,0,0.03629355333729687
65,43294.53563559311,649,29860.928004978214,2.7615922110720237,west,A,10.301843053612991,3,272,0,0.00827513365121839
37,38402.08313541852,554,32339.90116182602,1.5506540540471414,west,A,11.158563942641866,5,273,0,0.0
52,66222.10886533403,544,32545.30686724223,4.7284598314687205,west,C,14.371727532835251,5,274,0,0.0
38,18433.914465999456,676,6908.37208347599,0.25421328829955697,west,A,,4,275,0,0.0
41,46914.27261485776,595,8999.20786700394,16.42981766433455,west,A,,5,276,0,0.015110987134682084
43,42966.50792173677,528,32873.745729391216,3.015629956061777,west,A,7.844877342265349,4,277,0,0.0
37,56281.872300897296,782,19139.73935173184,3.5467682967922007,east,B,,4,278,0,0.0
60,28185.60805221487,742,18564.146825445532,2.14574319501122,south,A,13.165658893546667,2,279,1,1.0
38,42503.21988134594,456,13704.82876917364,1.2514756513017973,south,A,8.153040440133392,5,280,1,0.9981887797452909
42,48464.603990153664,502,41048.14862453399,8.7034116874088,east,A,7.912111857062715,1,281,0,0.0
50,66051.1041555569,709,48394.78266742834,3.829453043956123,west,A,,4,282,0,0.05535254561693877
65,54982.77450193136,621,33249.11014384861,2.200983228041988,west,A,9.819615173245223,4,283,0,0.0
51,32247.67683696707,800,47543.89530228899,15.512297836798682,east,C,,1,284,0,0.006461027534202968
43,42687.8492191901,711,44774.78704296744,7.398906715537708,north,C,9.3900535625738,4,285,0,0.0
27,63290.77028991037,679,14806.714029486404,3.0827651303422017,south,A,12.458751435300208,1,286,0,0.0
41,31988.37701115399,547,11908.665552959212,11.078292815244687,east,A,,3,287,0,0.0
36,48820.33597441444,699,14521.405348787599,7.332757087609292,south,A,,5,288,0,0.0
39,49863.19321210586,522,9329.42227395087,4.334187204030723,south,C,,1,289,0,0.12110929734833914
38,44213.25410118853,780,31229.562514413137,10.824900553878944,south,C,10.984593823876073,2,290,0,0.01247629503154297
50,90436.27674198372,692,17719.251927690333,3.9786303758021178,north,A,8.758962758702676,3,291,1,1.0
41,43809.028108286766,567,46081.25126381434,2.34947796124607,south,A,,5,292,0,0.04276517916603934
34,56746.477390516964,730,32603.349795225608,8.676857945358984,south,A,,2,293,1,1.0
55,38505.48319671074,850,21182.475009592912,2.7228507826667885,west,B,9.890591126301457,1,294,0,0.0
31,57916.21987999106,628,49308.82843839717,6.235778119018436,north,A,,1,295,1,1.0
43,63061.813952779026,705,47893.75231513417,7.615685150576235,south,A,7.926836050260686,1,296,1,1.0
41,41180.53944880853,606,40037.68558891401,30.0,west,A,9.830960236977052,5,297,1,1.0
47,49179.47277172201,658,40625.765394783564,12.476298443143442,south,A,11.350289319789796,4,298,1,1.0
59,36570.8034516369,499,48977.15591860204,0.8124803121208918,south,B,5.237465319756159,3,299,0,0.0
65,32833.94281925162,649,32020.530018798214,0.5798521224075642,north,A,12.067572335877799,5,300,0,0.0026119592433188157
43,65551.9314875031,654,44600.89321993345,10.000928794746384,east,A,7.635098855587126,5,301,0,0.0
36,41689.98581174528,829,7917.2475034995805,2.8214144506759666,west,B,,5,302,0,0.01907668156182453
35,13795.815072378944,470,29932.8133754445,0.10315258836740177,south,A,,1,303,0,0.0869986900705232
35,76480.34234740434,621,27613.235276074607,6.637436948006122,south,B,12.16917278292769,1,304,0,0.0
47,37968.57015406091,778,6697.573799938205,8.892081645723982,east,B,,4,305,1,1.0
26,46304.40434377954,625,8912.839339585988,1.119890004220389,south,A,5.245419016540038,2,306,0,0.0
31,74613.59758241472,632,5982.751580759292,4.985800298112815,south,A,8.430441505688018,1,307,0,0.06348315741324027
47,47873.8685871854,566,18230.675201890088,8.525296742921467,west,A,10.27641025870656,4,308,0,0.0
56,47549.95096697205,556,7408.005328232439,1.3212332477690738,south,B,9.610040227760425,2,309,0,0.020637683827012646
56,31577.404331742,467,24042.18581423607,0.7403244266473216,west,C,10.955221459513542,5,310,0,0.0
44,25477.494505586503,587,41573.58851178129,1.491667520335242,south,A,11.57873311133941,3,311,0,0.0
54,47504.20603105808,551,32622.341379641723,7.0694712800171455,east,B,,2,312,0,0.0869488438146993
60,55442.14661112342,661,35320.54605334856,0.16155544692067744,south,B,9.57145011489107,5,313,0,0.0
38,54582.88112316159,571,6417.800919933615,4.663917323666469,east,C,6.307325977759039,4,314,0,0.004194143057815774
58,42781.08379296176,602,42778.686211514025,2.977679462326517,south,A,9.089037502290365,2,315,0,0.0
29,50303.86699020414,604,11578.567072234582,4.057653284447903,north,A,10.832736296277911,1,316,0,0.0
31,22441.85007008049,645,18619.289421461915,1.049019623922541,east,B,,3,317,0,0.0
39,56902.50531043218,597,28255.72527200239,2.6314787734579226,west,B,11.262549460243152,4,318,0,0.0
28,52421.08767155069,543,46849.70439559213,3.7421131090437227,north,B,11.816786594534609,5,319,0,0.0
50,79604.91341274287,658,49916.71257680582,0.23785915136787544,east,B,,1,320,1,0.9982283692636408
37,50112.19469643571,756,40219.730762963445,0.5063189735776166,east,A,3.8724402673752083,3,321,1,0.9259046638451085
41,35859.959717808815,662,37819.140067736116,17.78615681709229,east,A,7.443823274576394,5,322,0,0.0062736899207260655
42,49239.152988667716,589,28745.704882041427,0.14280497648865548,north,A,,4,323,0,0.0
39,45083.002999762444,637,34953.23020996229,10.551245390847903,north,A,8.906924413943244,1,324,0,0.0
35,56520.61803155597,444,11499.08789427592,5.824097995005381,east,A,,5,325,1,0.9738445048475078
50,50403.38092587779,636,17113.82542586822,0.06059171504430626,east,A,12.470494776620544,4,326,0,0.023420500511337653
37,31100.799484210344,609,49308.9288573688,1.4960931003349143,south,A,,3,327,1,0.946822705752174
41,25463.850677089707,556,49082.676041549224,14.867070023701356,south,A,12.20988097791545,4,328,0,0.02558960972179048
47,53943.62303949524,574,19533.757759826585,0.13759327618218936,east,B,,4,329,0,0.0216339604956789
59,70746.71811603858,608,15847.185765720169,5.976325288438893,south,A,10.917118272424338,2,330,0,0.0
58,51190.218260775786,749,15328.313366783832,5.825486783928449,south,A,,4,331,0,0.0
38,62199.46030880311,759,26818.897257688983,10.05221976865209,east,A,11.394976623842,2,332,0,0.04124955416738281
34,65192.137313054,557,15069.496090599752,6.884358988773634,west,A,14.554860897112196,2,333,0,0.0
63,54001.87768692002,598,34182.348464781244,7.861471918105751,west,A,,3,334,1,0.9897094721209355
37,37782.62768207888,600,8366.891510927086,3.648295789895251,north,A,6.83932136430893,1,335,0,0.05751195589905707
49,52929.621275683465,730,9665.475008865204,3.052652094486908,south,C,10.893323030557807,4,336,0,0.0
28,68106.09331400722,664,17462.042372111027,5.784554470642631,north,A,12.282961536206436,3,337,0,0.02295791429010592
26,57948.358243998715,659,39984.94550202927,2.6492203148833977,west,A,12.405401613072293,4,338,0,0.0
43,61223.68014242983,703,19548.02925689054,3.6898043024829805,east,B,,1,339,0,0.0
40,43061.80637462261,590,26186.75520277332,4.980258033291381,north,A,12.329888890376255,3,340,1,1.0
53,46964.69360381777,786,34547.992070413165,1.9891530462339873,west,A,11.85548479910241,3,341,0,0.0
35,48219.09033649449,649,40484.296488783824,4.688798601656978,east,A,,1,342,1,0.9732838459440684
46,49229.92996194806,564,18819.90595510937,1.552759796528038,north,A,8.499996527502978,3,343,1,1.0
52,67519.37474018539,627,37893.62350238999,0.6310786627999267,north,B,8.98519884719915,5,344,0,0.01129220545991986
35,14792.394074927492,773,17873.033195809967,2.156034829191526,west,A,9.387761903080092,5,345,0,0.0
39,50458.07456872756,607,34000.97937649726,0.6197023541439665,south,A,9.01955569992245,1,346,0,0.0
32,48807.55436457719,744,25289.60633576112,1.0502066392890195,east,A,8.219958500472794,5,347,1,1.0
53,29427.482878337767,587,46698.25187077711,10.364055554879084,west,A,,3,348,0,0.0
50,60076.50824881197,573,49194.20237995072,4.164951451381251,south,C,9.130601052553732,1,349,0,0.027267360081450278
51,39132.497120826134,715,39835.53984606315,0.23784507033772048,north,A,,5,350,0,0.01901115677587538
40,44644.510259702605,562,46195.895103954426,24.30116450768245,north,B,9.013556308988179,3,351,0,0.0
49,77731.72861631065,732,11142.6908910886,0.9473696303444157,west,A,13.87076236705822,5,352,0,0.05362808714973251
23,65149.60474308584,685,34450.87808965615,2.711749013033198,east,A,10.026751625431725,1,353,0,0.0
41,58617.304087176744,562,13926.55737075837,0.8132526379745475,south,A,,1,354,0,0.059522698707595134
65,55711.654019666064,642,17463.582723760173,5.807581252818662,north,C,10.522840825459937,5,355,0,0.06606462652737655
42,47529.79966331986,595,28527.04585470327,4.785246937221027,east,A,11.652814619786517,2,356,0,0.052505733724511255
57,79990.65898055153,684,38389.42710697996,6.071221735009163,north,B,10.558483107867124,3,357,0,0.0
40,62032.51447160359,838,37467.233338796505,2.9820395908410093,north,A,12.737569263807126,4,358,0,0.12735395721839946
62,38756.75129052121,612,44125.670388066945,24.073013791060887,east,A,10.111878700264802,5,359,0,0.007592222954462178
34,28998.46582673519,703,30167.36834569642,15.473163156654852,east,A,10.99224141617757,2,360,0,0.012052823942322974
48,58502.570029839044,652,46685.41940253083,11.716997248604493,east,A,,4,361,1,0.9988969327380945
36,49161.96305182333,652,44954.98680591469,0.5738298794268848,west,A,9.423429083745363,4,362,0,0.0
46,28565.927495807486,633,43207.587026622066,6.849802310445472,south,A,,4,363,0,0.0647536618692382
37,56428.79248567373,564,15328.404851195717,16.21026667607429,east,B,14.468772492395363,3,364,0,0.0
42,45964.59259532719,683,28915.159693423848,9.183743579589976,south,A,,1,365,0,0.045980551301865666
38,57959.97388291205,621,38130.64686696097,0.1174685892542223,south,A,10.838929785706497,2,366,0,0.05797765541592712
51,56626.1032187136,559,48924.61285300654,8.598286939588409,north,A,12.515557901738886,3,367,0,0.030166069027464354
48,40876.03967684241,751,5524.127318169963,2.6077469971286833,west,A,12.280506561888561,3,368,0,0.0
36,59492.67146636307,659,19720.15402752944,5.110827987459413,east,A,,1,369,0,0.0
35,42531.423760476515,627,20405.761366363182,1.4004435753591837,east,A,,4,370,1,0.8661461909659339
34,43506.77190228543,784,17984.055640183557,0.12382008055990062,north,A,11.033405637296932,3,371,0,0.0
32,42015.92890067933,466,41784.09348933253,0.07050301542142642,north,A,5.561051482753895,4,372,0,0.040135509384999185
52,66964.61641709406,777,7028.214648953183,3.989646979768871,west,A,,3,373,0,0.0
33,45791.41417918459,561,21174.563750380854,0.2901160966866123,east,C,10.338947742386521,2,374,0,0.0
47,70586.64770846377,671,37025.80737242158,2.3400299306869354,north,B,,1,375,0,0.0
37,76752.27305280289,591,23303.287359814258,6.58810296820841,east,A,8.195777723637898,1,376,0,0.060768298515950926
56,38919.21294718327,557,11482.861266151222,7.8934414922085505,west,B,6.894985053399891,3,377,1,0.9972817155553269
65,6185.070279546002,781,32488.36127415894,17.33402317488947,west,A,,2,378,0,0.09289580882043065
23,65667.64314906909,835,28517.460637712848,9.8090679707778,south,A,,4,379,0,0.0
34,44870.42153959788,627,49182.74762521409,1.572616435488857,south,A,,4,380,0,0.01086158925656315
37,37007.20380302013,683,38683.67986045442,7.180524389843149,west,A,,2,381,0,0.0
40,41169.22840770548,655,49377.91945305578,5.304050017927672,south,A,15.53487178406452,4,382,1,1.0
40,43777.79267950956,823,13385.868850220077,3.0592166305103605,east,A,11.669051094738116,3,383,0,0.008985265565468
31,69457.8963604061,438,39271.7754175056,10.386087883588383,west,A,12.098997211726637,5,384,0,0.10640380686005907
65,52398.66858976272,687,29823.71988649625,3.0350943219096096,south,A,11.687873783106712,5,385,0,0.0
40,69253.97945162203,577,37062.92746405479,6.327263595666663,east,A,12.958924287704386,5,386,1,1.0
48,57413.301789177436,414,26039.81581285502,1.5942443259639045,south,A,9.61985665419851,1,387,0,0.005900168613674761
49,45361.53914074274,613,14557.586887081263,6.498451146336695,east,A,5.8904773846494125,3,388,1,1.0
29,44144.641951861144,834,7058.149855930603,3.6414198285444215,north,B,,1,389,0,0.0
39,58424.131261244016,584,42722.971579701276,2.9241092798863213,west,B,11.623471419993004,5,390,1,1.0
52,62306.38443999063,729,41666.37568639967,3.648998757974854,east,A,8.060399209769853,4,391,0,0.0
64,64951.89028551304,769,12314.288020385135,4.993532092360908,north,B,,2,392,0,0.012854820035251444
39,46076.92232936386,648,34033.14047947282,12.970427181473584,east,A,8.616460513995374,4,393,0,0.0
30,52628.08784606709,662,38198.01652394726,5.840986254232291,south,A,13.004058503686261,3,394,0,0.0
36,58760.6061388299,478,30093.124792153576,6.039930097949264,west,A,11.498914030813127,3,395,0,0.0547806018563352
38,44240.52461094707,578,19275.300639324738,0.6415591300127377,west,A,,3,396,0,0.027377693949710263
38,32975.8994929585,740,44642.56559836073,10.257074595344381,south,A,11.243202626241942,5,397,1,0.9383024975204558
34,37905.93399946815,656,33909.82868936438,8.114637696487568,east,A,9.925501494895746,4,398,0,0.0
30,46384.46836178022,686,37409.78804062327,0.23714968105428613,north,B,10.395112565055006,3,399,0,0.024847229023038403
32,59933.10708830452,663,34345.15382760494,16.563447345674124,west,C,7.629630838935364,4,400,0,0.07905993976792064
36,68884.66243358153,850,37457.99022132896,2.321791564008415,east,C,,1,401,0,0.0
52,29659.29186898069,606,11528.021522049983,0.3615311894319424,east,A,10.300162260690048,2,402,1,1.0
58,41039.82479105026,810,46516.747924009105,17.536918392455924,east,A,10.647980512544288,1,403,0,0.0
44,44632.06254405122,663,17861.48590813257,1.567002360502189,south,B,12.418529136850754,5,404,0,0.0
32,61920.75548459966,819,42644.8050363481,4.931380350438526,east,A,13.142671632164735,1,405,1,0.9219559821643248
37,42078.3419691725,527,45202.289184361136,6.839149655901037,south,A,13.139996969997894,5,406,1,1.0
26,43554.01497578792,668,34305.06229970185,2.034122384451283,east,A,8.003952813412244,5,407,0,0.006478402041751725
64,28820.11134274664,610,31923.534293993533,10.948758992818329,north,A,,5,408,1,1.0
35,57251.10973959888,663,9907.169502721146,6.304348940704295,north,A,10.96066859176276,4,409,0,0.0
47,47579.01388105168,772,24629.955173583276,5.945599846118545,west,A,,3,410,1,1.0
57,40189.32447530606,687,32523.997309166378,5.786840017107984,east,A,12.960198407427832,5,411,0,0.0003380530694178266
65,46107.301632768555,772,8684.117261724774,4.7023613465942145,north,B,12.23879432399676,5,412,0,0.0
54,66904.93252896894,582,10015.79051648948,9.129108961935781,north,A,9.224424088901419,5,413,0,0.0
38,34926.69637520236,567,49706.6564798244,1.1910307886892066,east,A,8.23360073768975,4,414,1,0.981865031223076
49,37375.105533446054,651,19950.536793316758,3.6131928384274277,north,A,11.577815766766479,4,415,0,0.008732291214018723
65,68783.78671198431,646,20737.961928102377,3.3098007981996376,south,C,,4,416,0,0.015129051391910786
35,51136.62242028286,631,16318.81177699514,3.735305624536287,south,A,,5,417,0,0.012628642505162171
29,60046.31145067876,554,34070.88962724246,8.12250006405689,north,A,,3,418,0,0.06029937544535596
34,56026.278650085296,769,26288.414906305858,6.440748498357818,south,A,13.185824178245616,3,419,0,0.0
48,49469.98171559077,613,40569.39308180769,4.073927557784444,south,C,9.290605394080645,5,420,1,0.9094158232747632
38,44775.51321277165,792,28062.267433510406,4.969989426736554,north,A,,2,421,0,0.050848252719393194
41,62473.37033725728,651,5693.719112767207,8.661507250845492,east,A,11.008889295324936,4,422,0,0.0
51,67435.04851716732,714,26720.932564705803,14.740648137702571,south,A,8.601956293792147,1,423,0,0.0
34,66262.82520524145,705,7483.428076764855,1.7295922519070381,north,B,10.085262048875494,3,424,0,0.0
41,32217.925495284744,567,42205.38712166423,10.04177303159989,north,A,,1,425,0,0.0
37,69573.66526766494,686,10114.61382431153,2.7558043684463374,west,A,9.452592008364464,5,426,1,0.9270867980887538
65,44630.97118703532,842,14762.930673461711,11.873604623396872,north,A,11.580681163569407,5,427,0,0.0
53,38674.55693682749,675,25698.4359257673,6.173463595409579,west,A,6.934270243294586,2,428,1,1.0
38,47460.0845484729,740,13783.282493018653,1.783421986428037,north,A,,1,429,0,0.0
38,62466.92652873098,719,29264.89820886642,6.653945536459554,north,A,11.368075826234762,4,430,1,1.0
65,58106.96276042094,680,25731.429100101737,3.137415849290125,east,A,8.771830449311263,5,431,1,0.9751959001277576
65,46169.203822185984,668,47863.517491278,2.210102907498665,west,B,6.782386581460056,2,432,0,0.04514229953909649
48,62564.98800316962,704,8976.810349607615,5.715182440157744,north,A,11.337110686513471,5,433,0,0.0
42,52097.90871139152,726,30952.942172084768,3.4347555552490725,south,B,12.246189260883078,3,434,1,0.8945721349737052
31,41405.42801690938,514,37417.98243397927,0.8149760528729532,west,A,,3,435,0,0.015831189646314858
34,39379.470755622606,674,10743.215407513535,13.786461135580346,north,C,6.078308803060935,2,436,0,0.03836923845143402
30,56153.5226663243,631,33640.79574908307,3.812041025968683,north,A,11.411939493397632,2,437,0,0.0
58,48762.233962765975,610,43890.757437642176,1.4800240755101166,south,A,6.680224237160624,2,438,0,0.05996031337042071
31,29367.422698795457,779,40440.00395426703,1.745621651109764,west,A,,1,439,0,0.0
38,62707.422396042544,576,47082.68106930761,3.559003741766334,west,A,8.225072350515681,2,440,0,0.03353634064336668
27,42795.87457063369,510,37426.35635334252,17.600477711732577,east,B,7.680321428466069,2,441,1,1.0
29,73881.79471983192,729,22729.407335254287,5.313078033656899,east,A,9.116179965840619,1,442,0,0.001836549218577491
51,28955.150222679335,507,46420.31230658649,0.18285810648163617,north,B,9.633404887145481,2,443,0,0.0
46,47289.37105414983,457,15141.054542666032,0.5031169489757537,north,A,8.711583499227103,1,444,0,0.0
42,39500.33473341158,740,31266.60253362564,8.990343013871648,west,A,,1,445,0,0.08141476934758986
38,35368.66219433992,665,39454.60752926012,1.8982124464459633,east,B,9.107861243082333,4,446,0,0.020139128689558864
28,42698.13924862435,697,44252.65251479656,10.030442984183212,north,A,11.960381743343644,1,447,1,1.0
36,76558.51413555472,605,46244.39589922596,1.5494137662790344,east,B,10.562346331286959,2,448,0,0.01396256939720103
40,52150.55255119255,511,8823.904226706341,8.92090484627585,east,A,8.604885586807384,4,449,0,0.0
50,38124.37941803857,531,37672.66262543878,2.2058326140168623,east,A,8.268120232335429,1,450,0,0.0
57,22570.573844938925,622,14184.693204845695,4.170501061609054,west,B,6.705007401905123,4,451,0,0.0030803632746473596
52,24179.561804784706,522,40060.37486690826,4.142149382995816,east,A,,1,452,1,0.8979338692015157
46,41953.05283821897,680,36531.0379370124,4.083370887573558,north,A,9.290824905497283,1,453,0,0.0
42,40494.680237920096,603,13160.856137013963,6.567522720007911,west,A,5.255608943872971,1,454,0,0.0
44,46639.23940648272,668,42477.35775887878,0.34328567165412915,north,A,8.9285702544612,5,455,0,0.011989487770943323
36,15917.242993462227,665,25780.49618083527,2.2039145198210424,east,A,,1,456,0,0.0970909110200725
43,48624.776074302,688,29473.526835546963,0.4083771110576856,west,A,13.15135518434132,1,457,1,1.0
40,65415.94662720662,699,48713.168909456006,14.253637171725194,north,A,6.594442776213381,5,458,0,0.0
65,74342.61871046294,615,34548.151438368455,3.6199419000107103,west,A,,4,459,0,0.0
45,21583.30778124291,668,31485.341526114982,8.328010996005592,west,A,12.2199392862114,3,460,0,0.013114393093545685
26,37979.10861141267,673,5754.324756369545,1.1101759818749444,east,A,12.713526314927925,1,461,0,0.004649737983934857
37,37186.49208538197,407,13964.66757922728,0.531372125435033,south,A,8.510034122548717,2,462,0,0.0812227761156292
39,52185.82141288475,714,6195.443947247199,4.035598677006802,north,B,8.735828354382178,3,463,1,1.0
54,31703.4129818532,664,19999.05915722673,4.007257050203242,east,B,11.232470793106625,3,464,0,0.04650577368888584
46,75233.94873090021,706,20502.875886229573,2.7153766539988995,north,A,,3,465,0,0.0
46,50652.837075286094,521,28864.85316763298,4.9726605158033514,east,A,,1,466,0,0.0549560518275439
62,48152.805660511825,618,36039.58011466327,1.6937159757563247,north,A,9.438533198298575,5,467,0,0.0
65,73890.70600674166,540,13070.532735334093,14.4158663774453,south,A,13.099781132258252,4,468,1,1.0
51,49759.285638749774,724,32074.44893643841,1.3761535050817433,east,A,9.128539823666522,2,469,0,0.0
38,56004.55109748033,509,46263.93235380081,6.350050766590301,north,C,10.20187358347031,5,470,0,0.0
38,38738.025900619265,557,13325.353527164356,15.634913503378918,west,B,,2,471,0,0.029661835030743707
22,29442.469024184247,703,34658.96136194137,2.049235953216326,east,A,,1,472,0,0.0698771809307193
59,40844.57552743654,587,7051.511356335832,6.355947000749018,north,A,8.846303053703375,5,473,0,0.0
38,82804.63758417236,557,28901.64354310059,1.5163532736275243,west,A,9.966326552533149,1,474,0,0.07813808751217304
41,59495.31422430434,740,38369.26656976008,10.609736251329101,east,C,13.644110442685685,1,475,0,0.0
37,54118.02255666575,744,6531.880153556435,0.9729590481071596,west,A,6.955601449617143,4,476,0,0.0
32,35354.39914722201,722,20014.942601414048,4.832379251311565,east,B,12.055162141107644,2,477,0,0.0
65,63668.76201475769,734,44508.06434263952,8.880072573645041,east,A,7.963368935277483,1,478,0,0.0
41,29634.600885293126,626,15146.590811001739,2.950995090823348,south,B,10.204944734206313,1,479,0,0.0
64,26494.153254764282,629,37529.354947806336,7.619587243827896,north,A,,1,480,0,0.006683885940911159
38,41616.69315677531,585,32550.722326737265,20.92138688661852,north,A,8.083976798597542,5,481,0,0.0
35,79317.36367942172,666,12365.944968177271,1.4833222071134449,south,A,8.03379614468345,4,482,0,0.0
50,78468.41348588918,597,38376.83812918241,9.281402922923572,south,A,10.552828728507508,5,483,0,0.01392125351751855
57,43231.446076241846,606,28943.644686448897,21.43479272005892,west,A,11.991078656325364,4,484,0,0.0
58,39887.01472703024,709,10041.161032682743,3.8499932067229308,east,A,9.740527593622993,3,485,0,0.0
40,25394.5693916033,768,47721.713146937145,0.6308971726318171,south,A,10.140226317466432,2,486,0,0.0
51,51170.460882801264,689,27138.291311459037,3.0956125050945635,east,A,,5,487,0,0.0
36,52430.19127982179,829,38528.63756613514,0.49302637874820193,east,B,8.05676245397408,5,488,0,0.0381851087336852
43,61843.34381295368,579,14796.511948658099,9.948544127489708,west,A,11.479385016825846,3,489,0,0.08538972204210069
39,63660.612699877456,466,11173.244423195847,7.24018162414876,south,A,,1,490,0,0.053228599753695816
37,47038.6712350305,721,38358.80492584634,2.5909717620783157,north,A,15.207252597500819,4,491,0,0.016585804093065825
43,58340.41812139377,572,35322.08803512719,1.012824824804579,north,A,,2,492,0,0.0
32,39490.41698230196,622,17334.845946675163,16.967365942471204,north,A,,2,493,0,0.0
55,58055.63800041028,473,38582.7545982072,2.281992465554701,east,C,11.53793174314749,4,494,0,0.052851063023366444
37,42391.518827231615,560,27724.651745832616,10.233333930258283,west,A,11.638208337824278,5,495,0,0.0
54,56891.87773950407,499,20686.87654913328,7.828059039067531,east,A,8.929825693246576,4,496,0,0.0
33,55677.51987928048,606,40410.131786584716,12.067878518218379,west,B,9.193674646139902,1,497,0,0.036705795987213324
37,51032.05438542597,610,32755.22363939936,4.984091225335542,east,A,11.082261676436081,4,498,0,0.0
32,61918.09577239031,658,27827.076468739844,7.725897083994429,west,A,8.344831518530677,5,499,0,0.021169414212276833
31,26444.013929589717,773,39789.81935379334,2.66104368249505,south,A,9.17893202396997,4,500,0,0.01884946353828448
34,34026.2567266859,717,29517.27619127042,6.447894298705384,south,B,10.179185534736868,2,501,0,0.0
33,45949.104896704484,487,47234.04948201149,16.084028988698392,west,C,,4,502,1,1.0
32,28351.049184900156,710,41812.50617543648,2.8195618630105246,east,C,8.790802767640919,2,503,1,0.969127736599924
42,43897.03228167942,661,21118.440773308863,0.7414713221678344,south,A,,5,504,0,0.020804933794176656
50,44380.545573836745,640,25921.366274581633,0.4653787231351113,west,A,6.166805064963578,5,505,0,0.03348943429456318
50,69645.25680000041,647,48079.98809129248,12.997708312833776,west,B,7.481173866587733,3,506,0,0.01994694668865754
28,52138.005534371936,670,45284.19776572625,20.57234702624202,south,A,7.3736645636001255,1,507,0,0.0036296162121548198
39,65441.44364095817,580,13603.349193544016,11.15073325183316,east,A,9.690778482760182,3,508,1,1.0
38,54525.12078214577,631,17343.672477050695,2.777626769086241,south,C,7.62223969280479,1,509,0,0.0
62,41964.990931519016,768,21398.923371288744,2.873049613618316,south,A,,4,510,0,0.0
39,52005.752116197684,579,44593.20662647567,3.0244145731862506,west,A,8.4518282300359,4,511,0,0.0
41,60941.395008982596,547,46733.77903528689,12.304937256293655,east,B,9.118984278304014,2,512,1,1.0
29,67901.01989663871,643,41105.310836116965,8.808585683852172,north,A,,5,513,0,0.034161907799072015
34,48015.3490559835,536,17406.880072711796,4.901504662624661,east,C,11.323895178861033,4,514,0,0.034020067505993505
29,25287.34034220584,477,44917.91629858542,1.7333043156372794,east,A,10.032258830552008,5,515,0,0.08567457778819909
43,24232.966138671472,615,6479.650667331432,1.5004548343364932,east,A,,2,516,0,0.0
63,45103.8108482467,794,24026.156640073314,11.194029898389555,south,B,9.133534686753958,1,517,0,0.0
34,14931.477482780407,646,21993.28845492819,0.851776676125542,east,B,10.6554929399039,3,518,0,0.0
39,76926.56698605246,667,29085.78226570582,2.3153896710010327,west,C,,2,519,0,0.0
33,58953.998470996,436,30228.8250755673,3.9235045628991925,north,A,8.184764987798799,4,520,1,0.9238208439576996
36,40464.99485754133,693,15143.201907955652,3.628893454687746,east,A,10.072961511228463,3,521,1,1.0
43,33355.28608986807,659,14205.006625359028,11.295380131512545,west,A,5.936760862673946,4,522,0,0.0
65,65421.78643964165,583,41160.49663064698,0.31967701782967006,south,A,10.423427568341195,1,523,0,0.0
62,33295.442665234914,668,8428.85590279296,12.191826104250461,south,C,,1,524,0,0.0
65,34726.59854598421,667,27197.871973792044,2.362349374829232,north,C,9.43986274623825,5,525,0,0.0
54,38510.81089959962,544,13624.088296895552,6.957245509484382,north,A,13.63305399228021,3,526,0,0.04428261788980335
39,51711.31121861488,683,19380.525130443995,10.144814609815331,south,C,,1,527,1,1.0
38,59311.96158721097,769,17478.248862740365,0.7957569594607272,west,A,10.434880830606522,5,528,1,0.96007656604139
34,67890.08350123494,627,36883.50016762418,0.8983912159528411,north,B,,1,529,0,0.04858165048715397
24,65674.56948420053,563,25520.927148254723,15.217993606666774,north,A,9.799404665113183,5,530,0,0.036439569241939106
39,50011.60563852113,632,18474.882550074668,5.233635201409928,west,B,,2,531,0,0.0
63,65307.82960634501,735,42410.83990910923,4.333836297943702,west,B,10.214210060018944,3,532,0,0.012613332233001635
63,39935.0057903546,527,8860.781358086091,1.3654947445001575,north,A,11.6959174869274,2,533,0,0.0
65,22687.009783070505,707,39486.22904631381,1.0352169770877848,south,B,12.755472472549489,1,534,0,0.0
44,39933.03392434238,582,16174.074105513402,3.1129963449629807,south,A,9.995499510991685,3,535,0,0.0934757330656255
31,37906.09228585569,674,46310.865018205215,10.926384651561353,south,B,11.630632144343267,2,536,0,0.0062135694225894005
49,40520.193923012346,593,5250.158841629698,8.108907566045184,north,A,8.596466107466435,3,537,0,0.0
65,35609.37906137166,593,30049.85018117027,1.1178596014078215,north,A,11.531910905452467,3,538,0,0.0042475612647810196
65,43083.35633630432,802,33001.92428124172,5.975259199326669,east,B,8.476016952346018,4,539,0,0.04371201314146469
37,59300.25821140367,509,30978.514969110518,0.3856165307391899,north,B,12.181319872176264,1,540,1,0.9649197762023278
31,75728.85653993857,698,41675.68814895556,11.18369405091888,east,C,14.42128175478648,2,541,1,0.9734575015279499
31,24119.802886114652,823,10047.380363771505,4.283891487808647,north,A,,5,542,0,0.03283357290731639
35,30683.980596488836,718,23700.02019316629,0.895143562457489,north,A,5.614913018385183,5,543,1,0.9241805354754815
36,38128.30611907749,516,43868.15478589881,5.298944940214868,north,A,8.903854133510354,3,544,1,1.0
38,61486.12816154889,521,44993.087983804595,2.955674956515419,south,B,,2,545,0,0.0
51,46925.78835540426,574,27425.49814574445,4.820484500524219,south,C,,3,546,0,0.0
38,39138.36165344566,665,30108.51022415359,13.050939709349418,south,B,10.497827197350059,4,547,0,0.0
42,60750.99511558132,672,39375.87982204553,10.563661995688973,south,A,12.017336711909678,2,548,0,0.0
29,64345.85399512953,522,40082.46774343887,10.212363700069083,west,B,,5,549,0,0.06488334293024765
34,49718.600608645545,562,44963.65847776374,11.56228219636724,south,A,12.435450374902272,1,550,0,0.05222289369173604
34,37756.711600691844,568,42973.582963236935,2.726708804107158,west,C,11.838847353293971,4,551,0,0.05756611498890523
28,54054.193508530894,631,23649.049078893244,23.942150328051426,north,A,13.043400905473918,3,552,0,0.0
38,46500.9768732115,848,34238.89969122455,3.3191827546089083,south,A,10.717592167812509,3,553,0,0.0
29,46384.80134321809,556,26745.586603778032,29.745130596633146,north,A,11.81051880298791,3,554,1,1.0
37,42313.99672097246,552,10308.265988905929,2.640882722212572,south,B,9.385745853828428,1,555,0,0.035765874508967406
43,63874.748709831336,536,41975.64140022782,1.4141625607573574,north,A,8.797078376881988,2,556,0,0.0
63,53748.20339490191,713,32079.358836522802,4.355252776622308,north,A,13.413535280837946,2,557,0,0.0
33,65535.513228344455,645,7610.2341712660655,0.00850088465812763,north,B,10.432409352645376,4,558,0,0.0
43,70044.89218217188,560,35459.07255540376,5.17015423824311,north,C,,3,559,0,0.08291226452907706
35,56884.71153299961,613,17739.54661536958,11.495829010202618,south,A,,3,560,0,0.0
28,42402.84327672272,570,8116.934392250633,0.28788434143974745,east,A,8.826968698160071,3,561,0,0.001564615180638245
63,65604.89348329676,679,32296.501160764008,11.205955443021626,north,A,10.021965785164802,3,562,0,0.004182230111131366
44,56984.970534175314,850,37949.38943581596,5.063930115496172,east,A,12.871988035535429,1,563,1,1.0
48,89050.51665211459,705,28277.793244467142,2.774358229910124,south,A,11.110480148558848,5,564,0,0.0
65,54651.543327420295,640,5254.17231065416,16.011429174694868,south,A,6.577053680539082,5,565,0,0.05841304171130769
37,60465.32058521126,583,30959.72316241715,0.16703353023985934,west,A,9.56951108684769,2,566,0,0.0
30,54356.35836944047,515,5297.408389308198,5.809861123119144,south,A,13.564587585409424,4,567,0,0.058286012888886185
33,48513.52112197823,723,46688.37355837031,3.809464067230345,south,A,,2,568,0,0.0
30,46118.1267561865,717,17028.73209762734,5.9748686947719944,north,A,6.399042616531639,1,569,0,0.0
58,54413.6576698785,603,44195.29715736609,12.434519105794621,north,A,13.786097770845087,5,570,0,0.0812718610851447
65,57817.63627720783,771,5544.917987759175,7.8522357914221805,west,A,11.364785019625586,2,571,0,0.034862805412282746
43,67315.81849466637,652,9374.742972147662,1.3784754870479543,east,A,,2,572,1,1.0
51,54632.75837455646,727,25313.373707119565,1.4272577434141371,south,A,9.257164527835863,3,573,0,0.0
55,43056.66236862157,679,39137.332057370106,6.6006789111712365,south,B,12.16470385958347,3,574,0,0.0
65,45097.19005101525,632,47415.27652252865,5.919958915104309,east,B,8.916033199547615,2,575,1,1.0
65,30155.94585645229,554,28449.266682579342,1.3588727241181677,north,A,,5,576,0,0.023616974562849048
27,74918.20765358464,635,20995.732114996827,15.457951231358361,west,B,11.084390571448512,2,577,1,1.0
36,41882.39579718727,734,7004.9542962731475,13.458536557233797,west,B,10.4893638509747,3,578,0,0.0036896906240370467
42,64511.6069020686,599,31266.926228242024,0.06295918885626824,east,A,10.29102961067119,4,579,1,0.9859134257993257
35,54148.262861638,693,22101.969402434017,1.3582614224233092,east,A,,5,580,0,0.03833308152377158
39,54555.9774625911,541,45911.006810376835,2.543532185102822,north,A,12.09128024041853,3,581,0,0.012967651722798484
47,48238.28187091495,728,26602.66502780003,3.721260178173364,west,A,8.26931433579633,3,582,0,0.0
25,38183.0166705999,681,39445.11424083992,2.429509424903812,east,A,6.756149746339581,5,583,0,0.0
47,35471.96899262037,529,43169.47376967031,1.570913506021448,west,A,11.22888024578495,3,584,0,0.047695414865978794
54,75926.98083207406,627,9422.492525498943,1.0306017531030955,west,C,11.262476656134295,2,585,1,1.0
42,51709.41618255869,743,24838.083849031016,5.941540940426183,east,A,10.960482305023532,1,586,0,0.0
24,66879.01619281476,524,45217.284395554045,8.396507735495097,south,A,,2,587,0,0.05896263670640255
38,70773.60406467877,542,24100.48842438612,5.286467098506858,east,C,9.358919243324904,1,588,0,0.012190624953331225
46,43837.29604851179,643,30431.942463532345,1.206685993337956,east,A,11.57496540877105,2,589,0,0.013169941954753845
56,56352.58648891767,850,44289.677628448146,7.09592850021234,south,A,,3,590,0,0.044194778812241764
53,50675.16163237022,582,15466.711401040671,0.12239760208028513,east,C,,3,591,1,1.0
41,32641.792954746667,699,45256.17482705585,25.355847118522714,west,A,,1,592,0,0.014683723956542251
35,47217.80036143616,676,22866.278953532692,11.047833364584319,north,A,,3,593,0,0.0
41,58812.59885358841,591,31686.49978965793,1.6401079965322087,east,A,6.5300478359091345,3,594,0,0.09918320771172646
27,42514.56117483713,666,19761.776692963394,0.4172438588161764,west,A,,1,595,0,0.0
36,45127.35206942208,605,28720.35741918155,2.443491029090799,south,B,6.641779144752565,2,596,0,0.037298591949704
59,47399.49716921532,614,7217.861136012613,5.8707091421281135,south,A,9.783533323354053,4,597,0,0.0
41,81672.93996965155,483,7936.698885744352,7.145910565480947,north,B,9.132745029691625,1,598,0,0.022735681373158553
46,22489.26594343341,647,23662.524287191347,1.7254168880518033,south,A,,2,599,1,1.0
29,57524.64948540888,739,20072.836554511032,5.366304613752046,east,C,10.778075180867527,3,600,0,0.0
56,46199.91384121752,655,32710.631462379868,0.5233663174833991,west,A,9.239923875615608,1,601,0,0.03009181710668321
40,40390.176372463495,759,6705.957516971281,8.908337317979704,east,C,5.801587314877512,4,602,0,0.013277864025488638
46,45831.86439265602,708,12545.09013816011,4.654530410228698,south,A,11.679136181548504,4,603,1,0.9679349252860842
49,60010.64365750134,644,14431.635235660648,4.4147076590440815,west,B,,2,604,0,0.0629049499359604
55,60867.85391030841,587,24822.12958384102,3.3054216851234637,north,B,,2,605,1,1.0
44,52790.256836521294,601,16107.564307052873,10.371269548978022,north,A,10.717912881302942,4,606,0,0.0
40,66391.1197468494,502,11194.82086134788,13.577649045562879,east,A,10.092116277154231,2,607,1,1.0
31,69032.49492650865,623,31890.815320209706,0.9116770574020907,west,A,12.656313241791594,1,608,0,0.0
29,62245.639129259216,664,38474.23900114498,2.4882973360191842,north,A,,1,609,0,0.0
43,41807.113232791715,821,35837.06300587498,0.07617365586052322,north,A,12.26713740575125,1,610,0,0.0
46,57416.62323819315,702,17428.104285238453,2.186108842975881,east,A,,5,611,0,0.03756559945099955
48,57488.009887078544,563,43450.01763651338,1.7371113210278453,east,C,10.402689706429843,5,612,0,0.0
34,37765.528495301725,506,32531.998074233103,0.46107297886120935,east,C,10.879032288582858,3,613,1,1.0
36,26458.41658918613,629,32660.00154533407,0.47689337135318477,south,A,6.3807660621655415,5,614,1,1.0
43,19658.365679381666,731,14578.180327240578,7.716792623699266,north,A,,4,615,0,0.0
37,51047.83235168227,627,15899.579930126909,2.864890195398889,south,A,14.545983651958778,3,616,0,0.09148587957281513
65,54470.595723003775,704,26363.759784714715,7.160682082145305,south,B,11.279872331601583,4,617,0,0.0
36,32273.276335213784,631,15701.946396826303,3.099232956294281,south,C,12.946826162883513,3,618,0,0.0
47,65690.48498827044,721,35963.49814184195,3.42534654789852,west,A,10.36582946025741,5,619,0,0.04280495683343446
53,52283.27223944618,490,18884.95305150912,5.105042077242006,north,A,9.853563352032356,5,620,0,0.0
54,70241.78922373029,810,11836.226928260712,0.47113659987953216,south,A,10.76254278016195,5,621,0,0.07459084131653197
37,55558.038049753864,538,11822.623419806261,7.247550222438605,north,A,,3,622,0,0.005087693826318325
49,34004.99642181273,729,10725.25004200223,0.5575296262649808,east,C,8.072449625531222,3,623,1,0.9286507462597381
47,56874.21819935223,622,24788.753553486848,0.734634182936099,west,A,,1,624,0,0.0
49,60051.66042308152,638,5136.801635643013,0.6600528894724674,west,A,12.744684685733036,4,625,1,0.9182955662242493
43,41785.64621169491,625,29406.752973613886,5.453129133976877,north,A,8.0177873688253,1,626,0,0.01914414763517713
53,28368.605040351875,675,18423.631531379768,1.6109892990984438,south,A,,3,627,0,0.0
45,51504.440964599096,695,29861.54739320966,4.675497677528922,east,A,,1,628,0,0.025104451534797418
30,34987.33047025723,755,47094.14360487125,4.04764066422159,north,A,,3,629,0,0.0
44,66813.31494591698,790,44107.14245825676,3.2063524519418474,east,A,,4,630,1,0.9762317929893953
46,43892.34979360111,683,30939.3427972305,1.0103445248427627,north,A,11.988700936248637,2,631,1,1.0
52,75869.01659739949,821,23813.16406874263,0.18749792812152283,north,C,10.165436403726378,4,632,1,1.0
43,18137.619987217462,659,36426.32019871279,3.1997106894546317,north,B,,2,633,0,0.05729014360227276
65,52021.93406217722,757,46541.26996810345,7.688082447450597,west,A,10.61882567951985,2,634,0,0.0
41,71440.8896015198,692,27029.61805727974,2.1182506408324606,east,A,11.248368544939066,1,635,0,0.0
36,36645.43526169055,595,9468.847583839339,2.430671300225333,west,C,8.333474816925508,1,636,0,0.0
62,47611.98596559447,668,39473.96901907955,3.2093808688174965,east,B,14.317318021409669,2,637,0,0.008149373777339722
40,43954.46428453934,700,5471.561925247286,3.443260603478423,west,C,10.939649846409933,1,638,0,0.0
42,39743.48536771576,646,39408.73158383032,1.515186622818582,south,A,11.425994850690198,5,639,0,0.0
46,53669.33961671422,691,8821.247174895649,3.41753242189587,west,A,6.7836283775769175,4,640,1,0.9790499745114469
45,30568.675985013444,736,9797.74584648291,11.84226895379489,north,A,8.354595953841798,2,641,0,0.014668047201360552
49,48335.46828004662,647,40176.809150518675,1.0522794842711212,east,B,12.47576737583746,5,642,1,1.0
51,57739.9135652686,355,36028.47672029324,4.689446730592767,west,A,,2,643,0,0.025315080288436015
36,46773.59432920035,817,30285.640820148707,11.553443409291802,west,A,6.172440530342148,3,644,0,0.0
31,34996.937000213366,620,41926.33367195871,20.279393239181015,south,C,12.076579857967637,4,645,0,0.0
32,65452.78097902253,567,43311.58298346935,6.344770022216826,north,C,8.912434391294553,4,646,1,1.0
59,60953.85442425275,537,25588.0515045329,3.176039770790355,east,A,12.822633971753424,1,647,0,0.0
39,34382.19243044388,616,49833.44091745418,0.35856705935956035,north,A,9.8243286427926,2,648,0,0.028457890788967672
53,30588.38652466188,593,21091.097283759827,0.026246833415289786,west,A,10.40941337204106,2,649,0,0.0
51,35721.133760092634,576,12717.84949793592,1.5557799170596578,east,A,12.357909157183297,3,650,0,0.010225970484976754
42,58179.09748230823,581,43068.939940395125,2.743986066684989,east,A,8.205014058290676,5,651,0,0.011001200247263088
33,54133.593484438185,702,23700.66258016986,16.034503386375313,south,A,8.014306384332121,3,652,1,1.0
52,61851.24068668571,850,44352.484305287646,4.028232127210012,north,C,9.607003159203785,3,653,0,0.019079185078138973
42,45107.746729240775,732,7752.485502068182,4.81471643071967,east,B,11.654345599242443,1,654,0,0.003660947653488601
31,36128.986437498395,762,9997.345017798874,5.525936208079283,south,C,7.338245494773019,3,655,1,0.9653814590069772
37,63782.69732621749,612,6812.2697550783105,1.324071263656644,south,B,,3,656,0,0.04011925774652522
29,41698.27229823254,660,32090.493213608454,0.5182609186696638,north,A,11.647441854087585,4,657,1,0.986489723979374
38,52798.22083780968,692,42433.888150242485,1.7800508067007867,south,A,,5,658,0,0.0
43,26751.127413269387,584,23119.73526239023,14.109238963679879,west,B,9.215547974159433,3,659,0,0.0
41,41452.84363515801,607,9081.295235196067,0.6950623676104992,west,A,,1,660,0,0.009574489718410694
39,65140.944814122704,735,21806.097234392906,1.894989665431813,south,B,8.642041371296036,5,661,0,0.0
43,39255.881499952135,759,20662.075955287844,2.261220623445515,north,A,9.984865406737699,3,662,1,0.9940909847445133
48,62217.55732177249,656,33956.23661438517,6.334276429539807,north,A,,3,663,0,0.0
54,15034.704557177094,530,34346.82329583502,4.951462445562277,north,A,8.457539667530723,5,664,0,0.0
56,41609.125105352214,620,9636.067276310889,6.323428592152235,north,A,13.314752240464994,3,665,0,0.06173209348577274
35,47429.68031182801,505,23907.954988648733,6.035711992277193,east,A,8.630887951640398,4,666,0,0.0
58,76138.10455013608,657,33913.153706844445,6.000290047845248,east,A,,5,667,1,1.0
42,32464.056799783222,675,16648.754413551564,0.7860981292158962,west,A,13.074715103795604,3,668,1,0.9983582339904395
38,60064.89943170635,622,23318.612893781494,23.090082689413624,south,B,10.422920304727834,5,669,0,0.029010561697623113
32,65853.97671873191,674,32616.27192402585,8.104667640175526,west,A,8.895950541976847,1,670,0,0.006391813326892761
24,39177.65529133588,691,23129.181556020583,2.086756470755565,north,A,,5,671,0,0.0
47,44397.140768409656,675,6388.743720450555,8.942248983223921,north,A,12.706147155084118,5,672,0,0.0
47,52124.43160717855,529,15017.719794327762,13.915044122031789,west,A,12.932405639251364,1,673,1,0.9737862060181105
36,27777.72549211206,624,39923.64115094857,15.762920653113468,west,A,8.366413641459488,1,674,0,0.04968599090584824
36,43173.45182207965,690,16182.68354375138,12.158007815480378,east,A,9.915132379841783,1,675,0,0.0
40,69141.68061419624,807,41797.015072907634,3.8586379583434116,east,A,,2,676,0,0.0
38,57839.82216296631,622,26010.852156582074,1.9089454441063611,east,B,8.027519778966806,5,677,1,1.0
34,47648.73065775136,705,26281.45117387751,2.003360404716485,west,B,9.888629894700012,1,678,0,0.023642822389146816
32,51696.08542754725,737,39673.229689912005,17.064780203028377,north,A,10.010645720903401,1,679,0,0.022136043841575054
58,58713.58048294658,630,22248.20808571528,11.611256482499796,north,B,12.280418957873472,3,680,0,0.0
37,61586.1522186517,764,15731.626646856692,3.604163877236548,north,A,12.414850056622402,2,681,0,0.0
47,41653.78778931347,770,9726.456952284492,3.013797155009856,south,A,9.341581203281985,4,682,0,0.026952982160651635
49,73020.81414919504,788,35235.944427594564,2.8886494141826824,north,B,9.572093712278377,4,683,0,0.07165619707698644
47,69745.22301806991,695,26147.41429067975,5.787674310067694,east,C,11.32858460411127,5,684,0,0.0
50,60158.86445529819,850,41423.309631505705,16.440768542399383,north,A,,3,685,0,0.0
47,37355.60201231163,588,25595.361885843788,1.9118499245732257,east,A,11.177280303474806,3,686,0,0.0
35,34696.641398441105,850,23666.480380167835,7.797268064465058,east,A,9.82418702526157,1,687,0,0.01970312866923653
39,45100.9430510511,726,18448.343783363176,4.776639113595691,north,A,8.061202844522759,5,688,1,0.9883428421611683
58,50911.476464666164,784,13974.2542823161,4.659937757817783,south,A,,2,689,0,0.07035968207574063
37,23472.622016614216,617,42369.66250918091,15.655168686262186,east,A,,3,690,0,0.04624853597021439
42,57420.39700317884,734,9284.511692604487,12.818443096491048,north,B,9.687157041713403,5,691,0,0.009216903310212576
48,69311.93395772707,792,45595.74755082406,7.238198491603375,east,A,,4,692,1,0.9022838550185319
64,58647.11209746316,541,6210.911805680772,2.945011813981613,west,A,,4,693,0,0.0
56,39859.20795793647,633,28501.35508544938,4.603154653548052,south,B,10.582410402262987,1,694,0,0.0
33,38083.94903899264,435,7624.785296798793,0.12085061372945573,north,A,14.785353446036483,4,695,1,0.9626692009176003
46,54497.78516261118,632,40082.320458933485,6.915945511516076,east,A,,1,696,0,0.00954106359324625
45,47700.444269927306,568,14517.3435826601,12.997578766267718,west,A,,4,697,0,0.010572104051761498
39,56645.61761383862,628,30466.5159306441,3.4603810387192437,south,A,12.573180262574466,3,698,0,0.0
42,59025.82058908452,850,46240.0746165925,10.136332949252644,west,A,8.346381789213853,3,699,0,0.04022990310305756
35,66378.35793341993,821,34216.65210255918,0.6878177038260602,west,A,9.958587271787533,4,700,0,0.0008061853163166005
40,33018.14856605717,506,13024.398423826195,7.362237970010254,south,B,,4,701,0,0.017882070675430548
37,53324.28421773968,705,40850.49959397053,1.2730952630685712,east,A,,2,702,0,0.03724131674342622
43,44547.87494058015,729,24866.58230637572,0.28453860657048585,north,B,8.098927585628516,2,703,0,0.0
38,48520.47434096958,616,5592.95322542405,2.567034824274759,east,B,9.640119824233388,3,704,1,1.0
65,62966.13279003116,667,26904.423654852577,4.104426478633368,west,A,10.899630653113068,1,705,0,0.0
44,64596.88809576865,677,41561.81047685031,3.921052213253009,west,A,7.983382227451476,2,706,0,0.07562736132834677
41,70976.6547557548,515,24348.09338751259,15.237540769229,north,B,8.599831940708222,1,707,0,0.0
40,56383.85375552402,546,39129.262271599655,3.5301620017917017,east,A,9.305234332802936,3,708,0,0.07191233034654453
38,48349.74813866308,667,36748.66480404824,1.0757916306615931,north,A,7.142369131547444,2,709,0,0.0
31,46206.82295824424,659,25561.054280222812,1.939906277975998,south,A,,2,710,0,0.12743906433027952
52,23978.674964079968,579,19547.71632614513,4.837065926325236,west,A,10.237593079805803,5,711,1,0.9524083118307951
62,70096.02567347906,570,37694.30007029703,5.698771060700989,east,A,9.200902116823142,1,712,0,0.05282933602276964
37,45171.52379321495,641,21601.328798226445,0.8787389477301744,south,A,9.45724701413655,1,713,1,0.9818802888153749
57,57588.45590004366,738,12653.919802789325,4.799643074598843,west,A,9.96019665818683,2,714,1,1.0
65,60184.94788613649,642,19438.837768759073,2.757048745160378,west,B,8.688513075135372,1,715,0,0.0
65,31320.26736424791,812,44457.76368176217,1.335295584046797,north,A,11.382125131733755,5,716,0,0.0
61,36149.80411310548,580,17752.510046182353,6.373765301850897,north,B,12.871956249603551,5,717,0,0.0
32,73205.29860583242,669,15573.224068013125,2.911589545292872,east,A,9.071239215609102,5,718,0,0.12537916480964467
32,54356.53273525316,614,11003.903182875298,6.375850229012043,west,A,10.970396462955414,4,719,0,0.003651211280750648
50,41291.21503552226,708,7483.00300554758,16.53717315219723,north,A,,1,720,1,0.8528234961033472
42,48104.794833086846,571,48951.15593898342,2.0305135476109397,east,A,10.730974690077009,3,721,0,0.015130430323245337
26,66293.55357249259,842,29154.95722672747,0.11298148012267271,west,A,13.13155906240651,1,722,0,0.034479332826491335
38,64014.717196014564,480,37834.00072793139,14.110569714304965,west,B,11.017319086036197,2,723,0,0.0
49,28008.773566405354,821,39783.805109091736,5.971868541287497,east,A,,3,724,1,0.9645822731048197
40,74514.25765507839,658,20854.264762421262,1.8535916682818132,west,C,10.907991262893917,4,725,0,0.0
42,64492.22046498019,705,40950.765957254946,0.9860501104491834,west,A,,2,726,0,0.06012971153810875
32,47712.87125987621,783,48266.790998902194,6.281221372846607,west,A,,2,727,0,0.0049980059911513336
38,32124.163353699194,735,38379.28326082404,1.2532312369936465,east,A,11.991269612235666,5,728,0,0.07316126521712428
50,65810.12960091388,576,37027.99069982505,3.117075713829113,west,B,,2,729,0,0.05656095862651207
37,57146.41250441929,710,24450.520396190903,3.209371041105665,north,A,7.0289216809554524,3,730,0,0.0
59,28133.024328833522,836,42859.405661395765,18.72781425581451,north,A,10.28233803766528,2,731,0,0.0
42,46518.82886962435,561,8997.681880550736,2.8132804767929374,east,A,6.487046558507371,5,732,0,0.0
47,96892.59414188733,850,38735.76705088768,5.313561573147322,east,A,9.520457974212816,3,733,0,0.026324120019751013
50,50247.526361216325,688,21289.709396428574,6.6594641306180336,west,A,12.573684525291005,1,734,0,0.002994673818973465
49,38870.44108496515,606,30468.82621090061,9.598975485138523,east,B,6.180474188507438,1,735,0,0.031721241584564734
33,34872.55062040039,560,45183.36964536623,2.636938153740959,north,A,7.441006408172204,5,736,0,0.04317099880748601
34,76581.4847514413,627,32225.880197951385,0.8194478166896285,west,B,7.935935509676845,5,737,0,0.026542927670794254
26,62716.39234366532,454,6151.168866310976,2.1362875413999505,north,A,9.87336028057808,4,738,0,0.0
39,71111.5867087584,608,37517.21804853933,16.76365887633857,north,B,9.268566428707581,1,739,0,0.02599417374960061
34,53722.77926138237,623,46806.10277916377,0.9490705323513988,east,C,,4,740,0,0.11177421157644696
37,68810.2885299918,542,33890.53753897517,9.23718045850154,west,A,11.908696658183395,4,741,0,0.0
40,37275.19415678134,724,43763.903485680814,0.15452600769985955,east,C,10.990545892137195,5,742,0,0.024364373344573
44,52438.864713725874,628,42138.30899038704,24.44775703443496,north,B,,3,743,1,1.0
40,54305.80272459104,586,43758.15273427831,4.751771059269866,north,A,10.786459553969655,3,744,0,0.0
40,70736.70397812831,617,20484.518121152367,7.076072917980397,west,A,8.276035289373251,4,745,0,0.050055004592295775
46,54782.64560210683,685,26337.358719890653,1.9725961459126564,south,A,11.714420707113224,1,746,0,0.05673586222833135
42,40617.323873956775,657,43161.50772633792,19.302143577111988,east,A,,4,747,0,0.0
54,50961.10758380561,579,45967.935871915484,0.45464095722051057,south,A,,3,748,0,0.035618085720909555
42,24853.80196309639,662,11607.867466688589,0.46377794544649825,north,A,12.372285004237662,1,749,0,0.0
64,15185.469000945988,644,13168.957081616776,19.30727791293479,east,A,10.421729204176174,5,750,1,0.9969777101745073
33,62470.120551624306,536,20607.332002472045,0.2887230609654373,east,A,9.647573882076049,2,751,0,0.0
39,44378.84170540484,621,39663.40226807111,0.11718172632498874,south,A,10.800619816619346,5,752,0,0.06563445457173157
35,46078.740515295984,707,44374.15207660526,2.116632497895454,east,A,,2,753,0,0.0
44,62464.20019049922,707,31110.80636315054,3.9924571415295658,south,C,,3,754,0,0.0
33,70955.15577566899,627,10097.067892695395,4.258051750881611,east,A,9.773292004320385,3,755,0,0.0
54,58017.31932241374,717,18668.67034852247,17.043615573148813,west,A,9.898743773886018,4,756,0,0.0
30,78921.09245326718,552,43566.03529149343,0.2857666861574597,east,A,11.413065025795655,1,757,0,0.0
34,57540.33701085916,555,20639.974022150673,15.34667148613595,south,C,9.850462156870545,2,758,1,0.9763932971215261
30,54533.20195369992,624,9626.325939022807,4.878430923481502,north,A,7.719586286697684,1,759,0,0.005883481235170969
40,53605.83233756899,799,18593.080975088524,1.7241433511011612,east,A,9.717194658349245,2,760,0,0.020219070999125552
44,30717.566567995753,666,41301.785853491376,19.91797036847553,east,A,10.13511096816165,3,761,0,0.06020195289214032
29,64339.97908460184,622,27206.5789858614,13.540881264925398,south,A,10.229867823162026,3,762,0,0.012048944977087845
38,13318.009699770708,804,12720.77489974736,2.1794552363889528,west,B,10.323838734570137,5,763,0,0.0
56,41206.20714086333,621,19068.45676609721,0.9862515738642023,south,A,12.078738089837106,3,764,0,0.0
61,50343.95525851419,850,47911.157585312285,3.9042232059378597,south,A,7.827930893931705,3,765,1,1.0
51,38153.56514879956,598,24438.08696443819,4.253557037371285,east,A,10.3514009123297,1,766,0,0.0
25,43223.66115390768,548,24871.96646627419,6.882438686799766,north,C,,1,767,0,0.0
43,77590.63349340843,633,11888.132091989597,0.5038913431322042,east,A,,4,768,0,0.013126475857404889
58,66560.35828672518,625,18704.943707642815,0.5682976666478956,west,C,10.359293361560107,4,769,0,0.025969454062236497
37,39712.584787898915,569,41660.87598230209,8.84349423985762,west,A,8.829242996053914,3,770,0,0.013486761206823517
31,42956.502335414356,850,40378.95384814685,22.288663010867253,south,A,9.25857923105379,3,771,0,0.0
57,30844.940771722344,681,24597.44595243717,3.148728762972075,south,A,8.190384993571156,3,772,0,0.0
59,60574.906790092056,696,45214.3517970706,14.976316623124895,south,B,9.660898568599112,5,773,0,0.0
42,46253.86324384286,603,22111.651267827005,0.26038205538882014,north,B,13.682511228853809,1,774,1,1.0
31,20503.002936581783,592,43894.831091987035,5.627372273826266,east,A,7.471139277645573,3,775,0,0.0
28,51511.75387715087,752,6420.449776311621,1.947943798235991,south,A,7.660779995042345,2,776,1,0.932697860378127
46,56584.68325402738,482,20625.363060336982,12.150612611761204,north,A,7.396130859672991,1,777,0,0.05797873407561163
36,64447.1145976258,535,43478.08151089259,9.192890721297703,east,A,,4,778,0,0.0
41,48899.67808134838,625,45558.93026634477,2.4037303535624748,east,B,9.075320588957426,4,779,0,0.0017623551903511157
40,44409.93255820427,785,39039.08185491721,2.415136668631578,north,A,9.948721879304651,5,780,1,1.0
34,79793.97020734292,612,35143.96176030653,7.067716034877749,south,A,9.194434117787521,1,781,0,0.00016091877688889365
28,50098.79234149328,691,41697.72092580346,1.1940061617683437,west,A,8.111154243193816,1,782,1,0.8760931052144233
37,60793.42747396902,652,36840.118469995825,2.8501845207237477,east,A,9.529698706771129,3,783,0,0.019524399830336325
43,41906.90534935612,779,16439.942950933026,16.428086015201497,west,C,14.91648721147312,5,784,0,0.06632316250627061
44,60348.64477453749,491,25980.66053126888,19.286599559813737,south,A,12.78414184194851,5,785,1,1.0
35,28165.56511393853,723,34731.72490487718,7.022745772486341,south,C,8.294124364415456,4,786,0,0.0
59,43068.986814220494,630,31451.124070323694,6.796187357170654,south,A,11.295148206123372,5,787,1,1.0
32,31875.886408609193,742,44829.39232053772,3.080797165967474,south,A,,5,788,0,0.0
24,40925.40017195799,568,26323.008817452275,6.828217099466723,north,A,,2,789,0,0.0
54,68757.05060346606,652,13009.432011044282,0.11725718058347231,north,A,,3,790,0,0.03909387967686456
43,40815.111660444534,639,14656.191683579673,1.6646844434982593,west,A,,4,791,0,0.022642072544615845
37,60773.841882111265,549,43072.54514866808,25.08335800870065,east,A,12.092104502095799,2,792,0,0.0040167552619904305
47,72758.97773085561,521,5392.442940040041,0.15349892023252626,east,C,9.060269501560855,5,793,0,0.0
39,49586.34029595022,591,44110.86628985751,3.305670823705407,east,A,9.666448531996027,4,794,0,0.06654283641149082
29,64906.5065758442,662,7501.463852179314,5.60991330058572,south,A,11.499531107316246,3,795,0,0.0
31,57966.28937208013,574,22624.631064023244,3.1923494841179183,west,A,10.782992074696214,3,796,0,0.0
39,51746.55395875299,616,41007.9302350533,0.3376873488431976,south,A,9.212725057405912,4,797,0,0.061614997498923164
36,61254.73383975394,461,23342.691957007955,4.961032749851947,east,A,,2,798,0,0.010964249648358739
54,77599.0713498778,612,42005.66841743237,25.03392934988015,east,A,10.227750388284024,2,799,0,0.055750335364398475
36,40440.96631237171,752,9513.44755366024,4.6671877713336025,north,A,,3,800,0,0.028627431172791224
35,35611.98649735888,720,28019.40018958339,7.189079573599486,north,A,7.604823421931686,1,801,0,0.1195811373102844
34,34731.28181516985,641,31211.330809955416,2.0367613110073988,north,A,,3,802,0,0.0
34,64916.41954604832,674,45089.08687567585,5.560782125107893,south,B,10.663083390267385,3,803,1,1.0
34,66940.5143469253,567,9212.9632852637,27.74767712347883,north,A,11.500296526464668,3,804,0,0.03599153219798959
30,41944.445999990974,812,20237.030837734892,23.97552317495608,north,C,,3,805,0,0.0
43,17959.796758409793,850,34670.66427035774,4.4195004544081575,west,A,,5,806,0,0.04013188544151455
40,39878.64890115371,666,49096.8536837035,5.792813158651555,south,B,6.766081199670108,2,807,0,0.0
40,58217.81266710494,850,43172.344578103555,4.895019898626442,west,C,8.932960948634241,3,808,0,0.0
28,48999.1529152575,581,43092.27777631503,3.9382297930320957,south,A,11.778254635054015,4,809,0,0.0
46,52705.216201330506,524,28273.213824115468,0.9565414680359499,west,A,,2,810,1,0.9930392393255931
47,42149.83372586603,579,30393.46049389242,0.9928802225019575,west,A,8.611913352284716,4,811,0,0.0
63,65211.33687064647,628,43636.10423362934,16.257535478353198,west,A,6.357299316150723,5,812,0,0.04530614192731496
47,55147.87702631955,850,44133.151381554184,7.204626596510569,south,A,13.505295109101878,2,813,1,0.9747777588114032
65,58796.95208545703,621,41102.35544624503,0.11027407746495999,north,A,11.65142728285062,2,814,0,0.010013720003599298
35,52385.985245400225,564,41835.707383305904,4.785427739339557,south,B,11.539791962549529,1,815,0,0.0
65,57865.52245416265,560,44583.343655039695,2.3287018261039667,east,A,11.935450773558948,1,816,1,1.0
47,56878.57532271442,764,10120.186899136841,6.704969371588518,east,B,,2,817,1,1.0
45,36078.88057796327,749,18168.77196072369,9.21595772504183,east,A,9.511342289640941,5,818,0,0.009755192760668371
39,55595.94643062692,601,48925.10902791234,7.684189552588301,west,A,,2,819,0,0.04206985131907465
37,61872.6225791978,462,29514.927198379784,2.3305572659965534,north,A,9.14487127081575,5,820,0,0.007243508591979377
35,67327.12199292265,537,12940.87370187614,8.065025029724225,south,A,15.269481508830001,5,821,0,0.0
65,56241.60722425569,822,27637.503493978722,22.37215105927677,south,A,11.111824062598885,4,822,0,0.0
39,35521.24221902696,718,34060.28788866161,20.492601074467238,north,A,,5,823,0,0.0
47,37830.24005638996,656,42269.98927719458,1.1140873422354807,east,A,10.930993548332559,3,824,0,0.028408106595976746
50,43472.778781206034,836,41547.95267105605,10.336584073543072,north,A,7.978262164287365,5,825,1,1.0
50,52841.958622047874,845,7215.8671999587505,4.586089299434184,west,B,13.009013437178453,3,826,0,0.0
43,48166.4584803861,646,25408.624413758374,0.014933996745381227,north,A,8.67786180838572,1,827,0,0.0
64,33144.019015536294,648,5925.607528415365,5.704474142285887,north,B,,5,828,0,0.0
46,33054.199485274235,591,44967.02556498128,6.685462052021718,north,A,12.131955259486269,5,829,1,0.9907698405674791
35,18522.173376399747,621,12825.773398338122,4.928203530874498,west,A,10.769537088409985,5,830,0,6.529339521244006e-05
38,3207.8761419798466,501,33119.36128254373,13.063846947701405,west,A,10.188939983639276,3,831,0,0.09042241001929695
29,48023.27265567612,500,30677.826707618013,0.3354666679092185,west,C,,1,832,0,0.06742260304222378
45,84803.45562714283,477,33148.82455892896,3.1351611685182337,west,A,9.887117806225787,3,833,0,0.0
49,76951.6928568714,758,30353.748027413363,2.3151508839141988,west,A,8.846603022144995,5,834,0,0.01008847096658898
50,35326.528818155435,493,37201.49048149734,0.8166182342654413,south,B,9.101033140460592,5,835,0,0.01096551570610405
47,52248.549460859154,844,33174.9484710425,0.5884337102365484,north,B,12.95918074730187,4,836,0,0.0
39,28031.307349247512,576,9063.511104686642,0.5168106844767771,south,B,9.782926734629687,4,837,0,0.0
41,30318.357037128186,823,21504.557795334807,15.55156768964008,north,B,,1,838,1,0.9823025128353902
41,32037.911035544304,613,29596.70461705933,5.963869147180669,north,A,8.967404806276983,4,839,0,0.09363542434416529
54,46617.5197333725,493,19633.88416541797,1.435912159014384,east,B,12.200741361394446,1,840,0,0.0
27,47263.105846820356,778,39214.88981630978,2.0275012230404243,north,A,11.351213266328957,4,841,0,0.01704685717996341
37,53790.529562102885,790,19305.39717747463,7.143842629417674,south,B,,1,842,0,0.0
32,59948.24584556424,559,42290.787843636776,29.256167768764257,south,A,9.484957602180417,3,843,0,0.0411784191699928
65,44946.78614907262,616,11603.01744416677,1.5504982963302958,north,A,11.14672494034589,5,844,0,0.05921274036262181
57,50543.02955993942,559,39622.665424364364,7.488633911538363,east,A,8.712877750098704,1,845,0,0.0
37,33592.812399646864,637,13255.944835333501,1.0464564288395384,west,B,9.48077193730845,3,846,1,0.974405662495579
30,29832.544636142284,660,28760.68761854731,0.05350048938132333,east,A,11.939608974783491,1,847,0,0.02257517600631899
31,27515.414809275353,614,19423.59678337652,4.3036818707618965,north,B,,4,848,0,0.0009730347206223485
54,59738.717016923416,468,33680.049618966776,1.384888181916278,west,A,8.036180308098393,5,849,0,0.02331847952596116
28,44931.38227867635,591,14573.318442871881,9.186745755037858,south,A,8.288947094182848,1,850,1,0.9856379467712616
41,21933.196057633955,720,40793.438000835165,0.2747927681392276,south,A,10.21740430562682,3,851,0,0.09316326935257609
51,49053.66570974585,629,30811.27398648981,5.716132716966131,west,A,13.452264749339019,4,852,0,0.0
31,31267.680023208748,617,48077.29193417034,14.394437310598306,west,A,6.168869671062012,1,853,1,1.0
41,74905.68228459457,556,37029.66480121077,0.8403172807606465,south,C,,3,854,1,1.0
37,41317.6741761976,588,32332.799277646292,2.2983416145112003,south,A,7.247913336853704,1,855,0,0.041605764369216126
36,60222.58978728682,790,42312.14107008536,6.485244681585461,west,A,8.731338012948909,5,856,0,0.0
35,66334.44541077482,536,14885.715549279948,2.7332562574584696,north,A,9.271143163871518,3,857,0,0.04548411918474863
53,35676.07321164438,722,33473.41073890058,13.995833444465882,south,C,9.158983313126217,3,858,1,1.0
61,51140.70676332062,654,22568.173231768324,0.617729476468696,east,A,,5,859,0,0.0
39,58302.018520822196,674,38470.59406158973,3.6321099989312926,south,B,10.01441412075274,4,860,0,0.0
46,51733.1925861516,576,6101.123427106963,0.30846280523921565,south,A,,2,861,0,0.017881396320774855
42,55416.51138964727,614,24247.044343711135,7.392113992905541,north,B,,4,862,0,0.0
27,30055.559096612695,649,34326.58558248136,2.7141946762668274,south,A,11.559739225045552,2,863,0,0.0
38,58310.543295717864,597,25728.770139897213,9.580092073626478,south,B,11.505744334297761,3,864,0,0.05394745972277311
26,42707.537087409364,683,15708.721807118793,4.316386306499307,west,B,11.686348620045338,5,865,0,0.0
36,55241.76834926211,695,25895.716325574613,4.260568346050564,south,C,6.918531007471836,5,866,1,0.977237952849197
41,63799.83268327196,850,43238.50364702868,2.3191950618994017,north,A,10.597836305168302,5,867,1,0.9676485105991522
50,60032.12761277411,677,14307.755778415947,1.7858437096504303,west,B,11.351957711613847,3,868,0,0.025508462893986394
44,55230.79588234211,458,21522.747363333943,0.5983411669085588,south,A,7.93759586312083,5,869,0,0.0
53,59631.92444276775,766,49565.09846750574,2.765449952920412,west,A,10.018346496364257,5,870,0,0.0
33,60326.165808331774,629,46076.77260007022,1.639640016455673,north,A,9.767466709379269,3,871,0,0.0
59,72432.51742075889,850,6528.575395699505,11.751234041164075,north,A,13.684301317136526,1,872,0,0.0
61,49489.23950805843,797,28864.938542090647,13.186146677407255,west,A,,1,873,1,1.0
26,52459.35490163583,599,7943.586208154758,10.54291220948637,north,A,6.671287213339598,4,874,0,0.037044824762355544
28,63981.002134641676,722,46575.721564596985,5.805535249538931,north,A,14.98785401145598,5,875,0,0.0
41,42644.18585354731,590,24869.521070826388,6.617508245606097,east,A,8.169548557693352,5,876,1,1.0
36,29970.987909830215,650,23829.665176760074,5.3626042985122,south,A,11.961346588654852,2,877,0,0.0
37,57398.45261874156,717,17282.57143276898,2.655114510923624,south,B,,5,878,0,0.06805424865392042
44,46909.64473076083,761,30596.854117646923,1.1763684854560814,south,A,8.008619546316387,5,879,0,0.0
54,31887.088823984483,739,11524.942534702675,10.081771294441639,south,A,10.986535587678198,3,880,0,0.0
33,57508.12894069756,657,40952.97502409962,7.447845743648642,south,A,9.784932511467872,2,881,0,0.04473405043554866
56,71466.99522543873,850,27104.465518096265,2.0626299883826062,south,B,11.108660009264781,3,882,0,0.0
34,25553.86180566371,613,30490.830109137223,2.8730207933728535,north,A,10.461344604761251,4,883,1,0.9862900023925283
65,65334.87492824722,489,42836.213644453426,12.200943234157737,north,A,12.392678970740494,5,884,0,0.016796173612025067
59,11943.987263814772,508,13331.694824822705,2.321820618834459,north,C,10.150799086292125,1,885,0,0.0
35,43995.700547277294,797,12883.238300395205,3.760475070090213,east,B,9.664251861147378,2,886,0,0.0037326787439324535
30,77607.7386836387,642,23936.07527914308,5.390933677899777,east,A,,1,887,0,0.026724849744275844
35,45075.139272307,665,40375.77085375703,3.6485056981204713,north,B,11.160791929717206,5,888,0,0.018203209473153462
34,51349.075937314876,595,7634.549908406576,3.271411704386967,south,C,11.463626788641776,3,889,0,0.0
48,61442.99301160333,604,40782.65917544355,5.399514518122138,east,A,8.670826655482806,2,890,0,0.04959659817606224
26,24252.897289090215,571,27534.04671163144,8.454904773370966,north,A,,2,891,0,0.0
28,51081.42201259633,697,30279.355247670108,6.221448110806168,south,A,8.864555713494596,1,892,1,0.9687239183810833
48,50963.19607941962,640,30397.367222562792,16.104741823814976,west,C,,3,893,0,0.0
34,77934.8145987311,693,7527.53250309741,26.790961902631302,south,A,11.572398537305828,4,894,0,0.014773417963592439
37,31463.887535032653,683,16239.685897316516,0.19788043800764088,north,A,11.951968100588104,2,895,0,0.0
51,44276.91025324818,607,38988.385318161396,7.0654225867277205,east,C,9.689739420935199,3,896,1,1.0
54,36074.663137645766,504,23552.065377017763,1.9921134180284046,south,B,12.861838037648704,4,897,0,0.014764310680057603
58,34483.82294462931,495,30223.26420133344,4.456356450433409,north,A,12.73693878753026,2,898,0,0.0037828981849934145
50,66911.04090596868,850,47519.08799119462,0.9184097740470761,north,C,10.486797832801079,4,899,0,0.01300680795615859
39,50399.77253001226,797,7082.229574281256,3.176758374449382,west,B,8.35621645691392,2,900,0,0.03664529654808502
38,41666.49205360219,784,25235.616455321888,2.3023303382771036,west,B,13.15075329887108,3,901,0,0.012038744657050852
37,42232.311482861965,582,21257.335978155417,6.085629808978275,east,C,,5,902,0,0.0
31,41551.593845819065,650,9790.224178763354,9.724509479879769,north,A,10.25233039286195,5,903,0,0.05447544320144354
33,42892.95233888459,568,47785.74569419091,0.24803047499958428,west,B,,3,904,0,0.0059837604038049
56,31033.319835661034,518,48265.681538684454,0.13513770538772457,south,A,8.220419347405604,2,905,1,1.0
34,46119.056861521996,591,19016.96693852331,10.825278988358148,south,B,,5,906,0,0.0
31,44611.89962521783,782,47602.24748100854,2.7991190436985454,west,B,,3,907,0,0.0
57,38633.04940394986,734,6582.812302592852,5.372970423857612,south,B,8.43319789220676,2,908,0,0.0
29,52325.69384457462,552,49140.31956512909,1.7341943857227946,north,B,,3,909,0,0.0
44,53598.34220177238,618,42616.9407383899,4.881685661655759,north,B,7.827852834775042,3,910,0,0.02586471184287753
25,41650.29178562439,724,14644.859936504625,2.3271884399810503,west,A,7.48523505003726,5,911,0,0.06489454774821386
65,47837.98773850618,592,31979.62192705648,2.570351483327764,east,A,,2,912,1,1.0
63,82379.35590351286,657,40923.47130661863,1.938854015904778,east,A,,1,913,1,0.9473886295312918
31,81806.49887903206,690,19368.453380350056,7.431497741815129,east,B,10.129179313886443,3,914,1,0.9607937928178176
40,34188.64714805396,689,20918.83064417733,0.6822644211844199,north,A,,5,915,1,1.0
32,36283.28650117162,675,33303.774901681696,11.560753158200166,south,A,,1,916,1,0.9344609564729225
32,34108.95084512005,584,11619.232292004705,2.6577955619743707,west,A,,5,917,0,0.10508864407571816
37,65855.8090995836,594,10319.477437508387,1.7960488109465196,north,A,7.852768541724866,1,918,0,0.09380187629123146
49,44022.060506364585,536,16241.237515374094,7.599618681437533,west,A,6.209908300104238,3,919,0,0.10673610349349427
49,53595.1136539445,493,38356.68854061641,24.06385305440577,south,C,,3,920,0,0.01903507437422222
47,79954.50999921326,638,21496.965188520047,0.10551728802080965,south,B,5.514344756779133,1,921,0,0.0
39,49843.02808534307,731,27831.119974330744,11.31868385908768,north,A,7.355608067825102,4,922,1,1.0
49,60593.73082635981,511,13795.275056338969,10.78711313806387,east,B,,1,923,0,0.04542924755259714
31,57806.3112395059,677,13734.755030730736,5.620812310417973,south,A,8.337428328097847,3,924,0,0.0
44,41176.73972456076,728,34270.306665566444,12.474127357701109,south,A,10.792817004414136,3,925,0,0.0
41,65887.42597612788,466,9876.88633408042,6.1973905608555135,east,A,10.61116038380496,3,926,0,0.0
38,37254.48786349721,622,35052.832724738284,17.48965052308658,east,B,11.787597491870914,1,927,0,0.0
44,70098.19679666264,814,23031.58335570078,1.8610645497670337,west,A,11.504767465425356,3,928,1,1.0
26,41188.23552186321,705,35207.19111279315,9.411708521134493,east,A,,4,929,0,0.0
32,42830.48419195858,462,22177.826465696988,6.60614242274885,north,A,9.996163199981892,3,930,0,0.004782073329867128
47,33672.68264559812,715,43072.348264227425,27.961396537487914,east,A,10.606933801633339,4,931,0,0.04915202603039214
41,36136.1088377503,575,7500.027614704439,0.9533298294753543,north,A,11.023027403838382,4,932,0,0.06399211551729198
29,43598.53516507197,719,45198.37903154796,3.342313236143638,west,A,,1,933,0,0.010427964092736062
41,13529.771631340824,580,17089.752975714284,6.4815411195137,south,C,9.205611380165852,5,934,0,0.019214811830662593
36,46500.01488236605,644,6914.399448446674,4.015847931351679,east,A,,5,935,0,0.0
56,42380.386441377246,596,30308.198984698214,0.3659929242070054,north,A,8.364883203340069,5,936,0,0.0511528323461952
31,61850.16647917748,650,15095.940367149336,2.419932554615985,south,A,10.84323365981966,5,937,1,1.0
31,56344.71107535238,593,25664.140543285386,4.021318537053004,east,A,9.811969651829688,2,938,0,0.0
46,39385.43853351055,627,41104.13927279466,2.2292600455629836,east,B,,4,939,1,1.0
39,43121.7386086114,532,40619.60423366683,4.8489745356400205,north,A,8.675510361350815,3,940,0,0.0
39,46480.72942218653,699,32017.35273275366,6.5231508831965925,north,A,,5,941,0,0.029731544406763677
65,72289.34831713774,667,49004.23588959413,4.510320914950744,west,C,,5,942,1,1.0
49,37665.42979315337,488,25868.799286069854,3.0056587389418845,east,B,10.157235339063575,1,943,0,0.0
38,39203.59002574019,749,6772.4775659666,3.6897518343598557,west,A,8.27439996085346,5,944,0,0.0
28,33071.237725742736,632,41874.13174147131,11.606052683053782,north,A,11.617095499204037,4,945,0,0.0
37,27769.40780845723,666,14958.224152558734,12.701673565167308,south,B,8.879102380411254,3,946,0,0.02619140053239888
30,54605.054354382424,726,12930.746404866102,1.3764279945046953,east,A,,3,947,0,0.0
33,53043.54996609815,682,8150.446488492122,7.370159543476664,west,C,,3,948,1,0.9345288839337804
33,69241.42779253027,766,19755.49746373875,0.20249192106662373,east,A,8.925806020867775,4,949,1,0.9482497655775483
55,65621.13511590395,620,19677.153517438455,6.660032646114219,east,B,9.18220181958242,4,950,0,0.0
29,85956.75071797712,753,18624.718938490354,1.997450090960709,south,A,10.082360040698354,3,951,0,0.0
53,48891.90848688356,662,31693.682289590488,3.2704814870122156,west,A,,5,952,0,0.02425496542161797
46,46092.0565430569,700,38819.397619764764,0.0826001980602773,south,B,10.040074581732624,2,953,0,0.0
46,30496.60482299961,690,47199.50233913026,1.9996762937742871,south,B,7.601765747709539,3,954,0,0.04877207783683113
32,60448.67251214488,774,9232.253540606642,3.3743827822803008,east,A,,3,955,1,0.9940392760291319
51,51778.013621695085,722,11767.182461966613,0.27998986776224155,west,A,,1,956,1,0.9855297539079315
32,59768.99457516025,605,31542.912973605526,3.9875895273057775,west,B,13.775847943058933,3,957,0,0.0008382715148034525
62,32913.136711424,585,9416.101724476715,5.939359824915419,north,A,9.99776055600422,5,958,0,0.06975774658781611
55,55274.062835400495,645,21684.392807866832,2.2020081882617144,west,A,5.529929004202668,4,959,0,0.0
65,53077.99426930913,573,33104.85037457166,0.8528584283133773,south,A,10.714729944311348,4,960,0,0.08281834857095721
41,52085.5255984053,544,40124.52644174877,0.7782810594742164,north,A,13.889195584520458,1,961,0,0.04800800544623175
39,39751.01137714214,437,14791.967935611421,2.0628497467408065,west,B,,1,962,0,0.0
37,67839.86972830098,495,35059.350384365534,6.215130168393001,west,A,13.661908577513131,3,963,0,0.05915128423850568
65,80754.61368467017,848,34064.1349631246,6.746053409314461,south,A,,2,964,0,0.0
48,33344.83960553577,584,43682.72568162415,17.114877232951553,north,A,11.824304791953558,1,965,1,1.0
30,60806.65969389437,840,19118.63730937957,8.814216055763646,north,A,,3,966,0,0.0
59,6832.247729894167,690,38754.13391996795,1.8482022277741135,east,A,10.448578798833848,4,967,1,1.0
39,60029.149242236876,645,38839.99389986726,11.125320637648704,north,A,7.454095142520535,4,968,0,0.0
24,21947.68075187368,499,15763.754389606585,1.5077096502430871,north,B,8.711088470234568,1,969,0,0.0
34,42125.48978151113,650,32952.102699129246,6.614581031177128,north,B,8.647506605272769,4,970,0,0.0339569409162598
55,30304.630073686243,839,35382.29394508089,4.124412401227573,west,B,11.797110560285233,2,971,0,0.05240948207440911
46,46765.82757575906,805,17349.278568002323,2.0662252298069084,south,A,11.601438243339311,1,972,0,0.0
49,62581.90547551743,677,25330.999791408765,14.249398937027088,south,B,10.553639458661642,3,973,0,0.03765691175601829
59,22140.301044094656,535,24609.997726542184,1.7948739751123952,south,A,7.2991571638892285,2,974,1,0.950900745943691
27,44607.80465726542,554,39807.93057669663,2.190222926395952,north,A,9.37672113210056,4,975,0,0.0
34,42299.46846775915,564,5031.106516118463,5.623164674945237,east,A,8.507767034114547,4,976,0,0.0
42,73715.73025807811,777,27546.197515551197,14.036936929189658,west,A,11.739351513388982,4,977,0,0.041732998803815875
56,56476.41511775428,813,13295.336610371516,6.2088583614699555,west,A,12.35636970563437,1,978,0,0.0
32,32341.743300898663,669,34107.888562494525,0.035770884742925786,south,A,12.112771172061766,2,979,0,0.0
38,42930.584314544,619,35616.59883369274,0.7276015056885208,north,C,8.489561161165959,3,980,0,0.002773916174550417
41,73341.56357578297,804,27550.692891211245,15.504850728993972,west,C,,5,981,1,1.0
34,60715.479751610364,552,29391.32938029846,2.652182819324318,west,A,,3,982,1,1.0
41,36226.498063918676,655,19177.61850748259,0.279840814324339,west,C,12.843253956164418,4,983,0,0.0
39,45993.94192425367,696,19099.520568516713,1.2892329605264763,east,B,,2,984,0,0.0
36,46473.36277387778,563,38530.26769326622,1.4989534737653711,south,A,8.498550763469774,2,985,0,0.006213863577076212
51,41930.271092662915,586,10927.91153418439,3.8013115562486184,west,C,13.285320586872468,4,986,1,0.9317314918072872
48,24346.817655174655,578,39717.649161198184,2.3508287045082703,east,B,,5,987,0,0.0
51,39835.67426915048,791,34475.59317208665,13.92415885437184,west,A,10.048897443839573,1,988,0,0.0
53,70837.98958798061,841,44801.36080949741,22.28891145357816,south,A,,3,989,0,0.00042621416350625553
64,44282.832694082375,661,16706.51114899089,4.071801936623472,west,A,9.73579757437375,4,990,0,0.0006023012527764804
29,48451.195543086214,623,27778.057331729182,1.879458722266691,north,C,10.454325596774932,1,991,0,0.0
29,52107.88470280361,590,6754.528018815436,0.20302430537827298,north,A,,4,992,0,0.0
49,83272.12092068189,650,46062.79587746534,0.6520487876834418,east,A,,3,993,0,0.0
36,50133.12157125442,594,35392.615730562124,4.648636897305417,east,A,11.452058066078283,3,994,0,0.014926088067437166
35,66409.18030375267,640,33029.38620821487,6.1852221444580255,east,A,12.338540218140343,3,995,1,1.0
34,41027.297419232054,691,37971.01404439714,0.12352600760675025,west,A,,5,996,0,0.0
52,46109.01109246263,609,17794.7985541714,8.825250911407863,west,C,11.509723784948086,1,997,0,0.031150106065091283
65,50188.29084665427,631,32173.712093850543,3.6075825816442992,east,A,,2,998,0,0.0
53,38388.00587225924,631,41041.48596823603,19.085332505902564,north,B,4.967809608454468,2,999,1,1.0
36,46944.233290955635,618,9063.25001168289,4.913822261077741,north,A,,5,1000,0,0.05927716686304944
51,63320.76403719904,605,48146.76001806346,12.207443569400404,north,A,7.963764776962629,3,1001,0,0.0
29,37994.53158362175,726,45134.90611255931,3.354077566315573,east,A,,1,1002,0,0.047215233894862346
23,50001.335464454576,472,48335.84752577964,7.556643733496285,east,A,10.227599130680593,1,1003,0,0.0
39,60631.003274838986,807,41375.6829064222,1.5855062096689188,west,B,10.368733414351327,5,1004,0,0.006379961638362782
27,37633.00926780883,663,18243.999159769413,16.041095854251083,north,B,,1,1005,0,0.0
36,66431.20688922434,711,31169.996043559448,0.04055603817654324,south,A,7.461820770280376,1,1006,0,0.0023139734003694164
43,51093.25219566984,722,10407.30900072794,2.6642382123755928,south,C,9.945133291632553,3,1007,1,0.950548285757525
65,47523.161549910656,579,38937.50292497253,0.7925978885392194,east,B,10.60887104562763,3,1008,0,0.02184417280251007
57,19877.78291299678,558,11913.784969676619,8.266574506057822,north,A,8.52745376692333,2,1009,0,0.07931436327573904
27,44395.81336979789,546,44007.077071590444,1.8010543888340642,west,A,10.056653490165882,1,1010,0,0.0
28,55573.88624217954,625,15825.062863076508,0.40061657865738287,north,B,,1,1011,0,0.009482276083161151
34,76180.17528203702,719,12218.53582773174,4.167963442729855,east,B,,3,1012,0,0.04279365605395067
65,58518.33731167419,591,8190.696366093764,4.500856312609071,west,A,,5,1013,0,0.0
28,66893.24347667524,710,37011.430762286516,4.2893756530313505,north,A,14.062800329557007,1,1014,1,1.0
34,31863.43139567092,413,13379.169960726049,1.1409459485783309,east,A,,3,1015,0,0.0
34,48097.66256520568,611,13895.051542777395,6.716368821554331,east,A,12.056107130798367,1,1016,0,0.0
46,68311.19663493296,766,12636.347173825023,5.836855752862662,west,A,9.893394262017692,4,1017,0,0.0
52,36683.99674400115,632,18760.780511082245,12.32789774822447,east,A,9.93851233547894,1,1018,1,1.0
48,64478.339434596535,567,47354.514535777715,10.587333700664404,west,A,8.831941333555985,2,1019,0,0.00015114727494850718
44,60999.767969005,584,26897.975506594496,19.15587575468551,south,A,10.238247858732555,1,1020,0,0.031795062242243315
29,54120.854726747304,347,16739.507268759502,9.020876658375403,north,A,10.635997388828095,4,1021,1,0.9681896979788853
42,45069.46062296038,548,12667.584186700647,2.3694600594474053,east,A,8.43148298216964,4,1022,0,0.0
60,35205.572681413476,755,5850.5638867447105,3.4448714873170423,west,A,9.749911168280232,1,1023,1,1.0
65,76630.68941154971,591,21424.669118075635,0.5031534917983804,south,B,8.779802267885772,3,1024,0,0.06985952450372819
45,59477.93776586046,603,9952.766340173697,17.091402561426115,west,B,14.599328139229677,2,1025,0,0.03145051238154921
27,55109.24187013174,416,6215.539805112316,2.4309468417640283,west,A,9.820538460176763,1,1026,0,0.09237061243055725
46,43807.25377696623,486,9634.086767112483,13.702711062044965,east,B,,1,1027,1,1.0
39,50568.07444384967,769,19333.468237658286,12.207775668561512,west,B,9.608755338384624,5,1028,0,0.025964642792718425
28,52470.75904955049,711,38788.86656472299,3.960875386794517,east,A,,4,1029,0,0.033964644033495965
31,55998.13527100359,520,8014.3813025836835,5.019843658798356,west,C,7.3572718567094615,4,1030,0,0.07440853778895816
32,61015.10432707901,586,35540.3265690462,3.3173214807509055,south,A,9.105854816264271,2,1031,0,0.061878503305859325
49,38262.927112173624,647,32924.41379605609,0.16543809334873372,east,A,,2,1032,0,0.0
65,28001.045517694936,530,44689.559246005454,10.662245917956906,north,B,13.172007661919734,4,1033,0,0.04002909438050356
47,51264.212769102465,449,13279.415381242658,5.074608260029237,north,A,10.443965555352543,3,1034,1,1.0
50,23791.739940128573,634,40742.046755553834,3.3263017142962843,east,A,,1,1035,0,0.0
40,45145.085075095434,707,43918.93476716339,1.4628374377744349,east,A,11.28145822040584,3,1036,0,0.0
35,42362.15254832356,709,48941.78592432816,1.9927345171771291,north,A,13.254802678929371,3,1037,0,0.0
48,57376.22288302504,737,41384.72111086212,0.9616828801447779,north,A,9.881915565389889,3,1038,0,0.0
44,79738.95553229464,494,10569.569036863262,11.090165064548898,north,A,14.780445421303607,3,1039,0,0.0
33,20831.140641446586,655,47620.805457354385,0.1585235300431358,east,C,9.029207594171755,5,1040,0,0.0
43,84112.77545477601,623,41674.642376170275,0.42665297785402256,south,A,8.467076331604662,2,1041,0,0.03571706263809785
41,46503.87261321461,641,14554.633300460464,0.9999970288142607,north,B,7.579894300621932,3,1042,0,0.0
38,55217.1302325887,628,12433.883024583283,4.270249537411659,west,A,14.662049343116141,5,1043,0,0.004173130137561833
35,28777.51763564425,583,47138.63676801716,4.2495683142897205,east,A,11.638895145235795,5,1044,0,0.0
45,64953.07355339481,348,12006.438174764531,4.410045094426753,north,C,9.331758533239384,5,1045,0,0.014938364248541579
35,50622.088045275865,766,39969.6523434089,0.2966015254370516,east,A,12.49804539374699,4,1046,0,0.025406769573478302
65,49077.988832175695,682,23236.66644184212,2.962194978897111,west,A,11.375384370235563,1,1047,0,0.0
47,20939.223276455694,501,37571.23694717414,18.354601496297104,south,B,13.93225494275118,5,1048,0,0.0
46,51106.95220771141,697,9133.312107499194,2.2954549732063243,west,A,6.904334334520177,1,1049,1,0.9366414866296322
39,62687.42485724861,605,37627.62294823112,4.819507947583702,south,A,9.46927978337149,3,1050,0,0.025460739840892588
37,46455.82046775217,608,28036.01197935862,3.815368290992569,north,C,9.074957232114349,3,1051,0,0.008200328027409037
26,67612.99018466225,573,45517.02734024815,11.910249575392921,north,A,6.052634647182797,4,1052,0,0.0
34,66993.42757837044,703,13477.92877597804,7.122430805910515,north,A,12.120654409559389,4,1053,0,0.0
27,40383.569258887284,570,9921.023508875067,1.7047429626840676,south,A,,4,1054,0,0.016141771771629548
27,73926.70788196089,540,13829.913431818959,3.324681592473282,south,A,11.479262409973124,2,1055,0,0.017142574600570275
30,50679.42446487623,763,8535.891526222098,0.00886025959325452,south,A,14.719543868659223,4,1056,0,0.0
58,50746.17876181746,632,49106.77433877847,2.1855296747079818,south,A,9.293512616344783,4,1057,1,0.9682201598064792
58,51484.71833904096,635,10528.54816600756,13.328289275904314,west,A,,1,1058,0,0.0
34,51039.73626411689,719,14038.292551761224,10.444627452709202,north,B,10.237328339447991,4,1059,0,0.0
29,10547.999650122372,583,41435.85862743751,1.5038335405446193,west,B,11.97449470596682,1,1060,0,0.10303411125246593
36,47217.40402715419,603,16103.947806580396,0.0010858998522285618,north,A,8.866573949379701,3,1061,1,0.9808052663814459
49,29540.802925063184,680,15003.200308574202,3.2095294829761567,west,A,,2,1062,0,0.01448326560571894
54,74395.03553323515,495,35253.940118345796,0.543989147034681,north,A,12.114378540482733,2,1063,0,0.02329632441415746
43,73791.244875818,672,22944.4353697923,9.69846600218965,north,B,10.75727864767607,2,1064,0,0.07002621453070959
45,62779.07498683382,574,42596.56192101406,1.5555398329217263,north,A,5.910543473990359,5,1065,0,0.0
44,46422.98843991668,735,33722.12055481683,3.497761384212013,south,B,,5,1066,1,1.0
28,34879.775950944524,704,17969.66226880146,1.488697159507189,west,A,13.00247172765442,4,1067,0,0.0
29,40136.28498086593,691,31906.547402886335,4.716120631744184,south,C,10.803856566157625,4,1068,0,0.12506726148232014
65,79139.6285963905,489,43990.77296965516,9.635104555711289,north,C,8.475608137925501,2,1069,0,0.018130110961307476
43,39617.03920220059,639,21401.733224860785,2.3584567929221323,east,A,,1,1070,0,0.0
25,14666.069684209047,532,38141.1824685905,1.3950763852035062,east,A,10.02647334560334,3,1071,1,0.9901420663678557
46,65452.4826272809,646,23712.48411697192,0.6418992084626587,east,A,11.471466720560327,3,1072,0,0.06681346786641268
32,72507.5467042684,418,29438.302900032486,1.4993269987520639,east,A,7.283473210282422,2,1073,0,0.004077057720561348
55,74888.23530749783,495,38016.50125092066,16.186238313056855,west,B,8.318101722659083,2,1074,1,0.9970187296201448
53,65575.22006373992,768,7723.731708942974,0.5858134688667441,north,A,10.545911509726778,1,1075,1,1.0
49,68022.79515852171,686,25472.728505376104,2.6883431829226625,south,A,9.8003308390091,5,1076,0,0.0
43,50794.01111080313,614,9284.608219667878,0.09313306756683054,east,C,,2,1077,0,0.0
59,18855.56564762505,559,37625.249501244194,7.9190521101518865,east,C,7.540985205280805,5,1078,0,0.0
61,50418.2156225002,541,32351.281933331255,1.211922383495883,west,A,,4,1079,0,0.08644103904831951
32,59323.59158629125,670,19711.83471751753,9.27958472198309,west,C,12.183167238754944,1,1080,0,0.0
48,47970.94915150625,615,8432.668102677599,4.5627601784027885,west,A,10.973637094298567,1,1081,0,0.008473332988174419
35,47287.45821890578,804,46661.1107913463,6.378164844404797,north,A,10.278223479523184,3,1082,1,1.0
31,35538.22941472517,631,19175.16742464479,8.556241535011393,east,A,,1,1083,1,0.999317444004077
61,34973.91885091961,655,17391.954982853313,6.583865914779769,west,A,,5,1084,1,0.9373068602255088
51,77572.22772149104,511,9545.223691291263,12.170094846193566,south,A,9.856002815120423,5,1085,1,0.9500617986144433
44,78115.19554820213,613,30980.894409346118,1.8027078123009028,east,A,12.519411705760811,4,1086,0,0.02612584591783092
33,49960.29303130845,667,16954.405492532605,15.072077043316117,north,A,9.761942986799749,2,1087,0,0.0
62,54222.8540763939,612,42928.388699530005,8.8070320866025,north,C,,5,1088,0,0.0
65,35287.12914444472,601,35724.505263206695,1.913250752568937,north,A,,4,1089,0,0.019348916139454955
32,59638.62274909181,682,5176.1707614233,6.937865881520482,west,B,,2,1090,0,0.0
30,76394.737574213,801,30455.35752497128,8.746005992376043,west,A,9.252972005638306,5,1091,0,0.03156096367851257
41,27061.5383008296,664,15432.560456887812,4.214975959247387,west,A,10.970606566126282,2,1092,0,0.0
49,56958.24949553591,764,5691.520401250998,3.954388641144577,south,A,11.04568752149806,3,1093,0,0.0
37,58085.333639675606,712,32871.52233443507,2.094956340555769,west,A,11.777966360809296,4,1094,0,0.002611909150853728
65,57914.09772333886,758,14221.146209244203,0.2798796680686989,north,A,12.847118944530067,5,1095,0,0.0
43,74642.26501772704,589,45483.61144789532,6.5148938387840625,north,C,11.991717448744721,1,1096,0,0.0
35,80540.2731825673,629,30802.13334290015,1.0438130356650506,south,A,8.13152187170408,2,1097,0,0.0
36,46497.744831910066,629,14413.32993740163,17.106222902234038,north,A,8.192931106847455,5,1098,1,0.9427828537614715
65,60097.60508234537,704,49060.734785925866,18.195474130034334,east,B,9.848457047080352,3,1099,1,1.0
40,51263.50558589089,729,29589.8704975002,6.017754596744304,east,C,9.097649285521172,4,1100,0,0.0
61,40518.27060590456,662,12446.247745686884,7.214746374780999,north,A,7.7233465460781145,4,1101,0,0.0
27,54062.21235321522,737,28275.897657608333,3.618474840230215,north,C,9.116616411654011,2,1102,0,0.0
56,60072.49292750372,593,48170.707620039466,0.7165410536246053,south,A,,2,1103,0,0.005060128246095379
33,53253.93028125478,738,24089.460387899846,14.194469137616958,north,A,8.656304520477589,3,1104,1,0.9776954773244056
51,36782.281857708236,751,24140.54803526321,1.265877561385097,west,B,,1,1105,0,0.01999079431978447
33,43046.59040216484,717,25750.702500115935,0.016686073888933613,south,A,,4,1106,0,0.028701817475631893
37,43161.38869738014,663,17604.659801951995,15.612999187727844,south,B,,1,1107,0,0.12008501379765575
31,37363.340676039435,721,12280.262586964318,12.340262062252489,north,A,14.94361815211094,5,1108,0,0.05753221006803627
51,54703.09372408503,560,31051.746651579186,0.34022045890953556,east,B,10.341016372039299,4,1109,1,0.9181814827818331
54,56271.68144439616,669,45239.008852289815,9.690971398117473,east,B,9.419868452125497,2,1110,0,0.0
34,64692.76401330794,680,38107.838385563875,7.037646138737865,west,A,10.008265765309732,1,1111,0,0.0
28,37135.66477759053,517,9328.433343689812,9.590276700379372,east,A,10.51298395688708,4,1112,0,0.028753546121231956
60,41337.8197065681,697,23038.20392249426,1.9552717690808534,south,A,10.870507914342127,3,1113,0,0.0
35,73318.54177896856,525,5238.314595747593,4.723601021032733,north,B,,1,1114,1,0.973437391790083
39,47532.562038906195,607,18857.31736491844,8.536451657170078,south,A,8.309359070044863,3,1115,1,0.9377794062045339
32,50451.96543877451,653,35121.94666763386,1.7525878218792887,east,B,11.718092116355471,5,1116,0,0.0
50,47373.44417906526,576,18060.54275709546,5.166264138072713,north,A,10.415501195228249,4,1117,0,0.0
50,66995.46228082465,658,42825.12435928249,5.245585384851053,north,A,6.857804514858765,4,1118,0,0.0
64,67577.13021072545,656,26482.289609332023,9.445954537618658,north,B,11.541397564189527,3,1119,0,0.0
56,66698.12150883272,567,35112.56732779741,1.6415576559659115,north,B,,1,1120,1,1.0
55,50398.51417036322,706,44773.93504766675,17.343922567632205,north,A,8.28564719244514,5,1121,0,0.023610693141669258
40,36913.460337664976,573,35726.46388922402,0.043886673064513215,south,A,9.982132264216059,4,1122,0,0.0
39,78878.19616638882,850,45379.67919284627,0.34295078054006567,east,B,6.549291475984592,3,1123,1,1.0
50,62844.63465433276,639,41362.94101663867,2.350106333468183,south,B,7.482387080631327,4,1124,0,0.0
40,43150.11527911416,532,30517.89104274757,2.610291976793182,north,A,,2,1125,0,0.06711278630133163
57,71357.28270416617,551,18375.489500786345,1.3194204303334933,south,A,,4,1126,0,0.08070541865783137
32,41965.86627111358,764,18416.408209311026,18.156266186047894,north,A,,5,1127,0,0.0
27,71160.55104782985,609,44389.89904362602,0.7132348617734655,east,A,,2,1128,0,0.0
48,72174.26884076737,513,7424.790338232582,9.69575944147551,north,A,,1,1129,0,0.0
36,36177.75842478416,735,47364.658164357075,6.297416557734177,south,A,9.058356684448928,4,1130,1,0.9773128958862097
31,58726.374545314415,608,19717.69100864799,1.108587251747932,west,B,11.478652051349806,5,1131,1,0.99465863820377
65,61732.86055941993,715,38249.19769160324,2.245853968338227,east,A,7.676533282131307,5,1132,0,0.06852348237031639
41,89223.63799379498,743,19851.338868685172,0.3147670517009877,west,B,8.189269574636336,5,1133,0,0.04778009051545321
29,38865.483235492145,677,47898.56251549223,1.3529882725479399,south,A,,2,1134,0,0.048550225186704786
35,71488.14915490744,850,6641.331357052661,9.5946453621904,west,A,11.93881958149641,5,1135,1,1.0
38,50260.19027050331,477,20899.34944881424,7.776289542438089,east,A,,2,1136,0,0.0
48,31379.53724629146,568,44035.74711622598,0.301022837576288,east,A,8.669876559276753,3,1137,0,0.0
35,48200.192452485695,624,17332.544261163817,7.148905940646905,east,A,,5,1138,0,0.003036063157621537
39,50036.97141649561,850,17402.87644669741,0.1987296848629897,east,C,8.431715413059182,5,1139,0,0.0
44,34116.64710327066,829,45443.83172308773,0.6776818521371726,north,B,13.6524186938136,4,1140,0,0.015199147527605334
47,54682.60428277294,778,42376.20139276635,0.376790251857112,south,B,7.732457949160543,3,1141,0,0.04025617607051741
40,64367.138832478726,570,9759.703788337516,3.6791265182880544,east,B,12.656957621583462,3,1142,0,0.027267269597916245
65,53573.00981093019,582,31108.0959441206,0.5409512097285065,south,B,8.687027786362552,5,1143,1,1.0
50,41872.33865930185,567,15052.78347529665,0.9618549455013012,west,A,,5,1144,1,0.9066858675021799
49,47772.91897389551,571,14681.22222941861,4.3906023807298675,east,B,11.18264145770497,2,1145,0,0.0666677898335548
49,49931.849648098236,799,32693.179410660312,7.803105757621049,north,A,7.9679669411835565,1,1146,0,0.0
57,53259.82441221573,625,10573.977387425568,5.379352692327126,east,A,8.955523040914986,5,1147,0,0.0
43,66647.46143360046,638,26140.05504513392,1.104613007961102,east,B,11.562362410447484,5,1148,1,1.0
32,54079.09630079134,727,16511.9780418296,30.0,south,B,12.105288835231123,1,1149,0,0.017929876299241154
46,28959.550570554344,483,43426.511265981084,1.0125815620331302,west,A,9.858568816551076,3,1150,1,0.9361081836477019
48,41565.18392016963,655,29952.24045656594,2.884352918702473,south,C,10.089316561926934,3,1151,0,0.0
60,52490.31576344955,540,14679.897406772683,1.3289554204758358,north,A,11.516706065288131,1,1152,1,1.0
31,66861.8672743117,620,46690.95437248124,1.6291596648017237,north,B,,4,1153,0,0.02554225068847454
33,69467.69662304828,591,42030.343868303826,4.205470507638465,west,C,,5,1154,0,0.0
42,76620.28012381183,586,16938.150366466114,15.948134061903112,south,A,8.37405195071964,2,1155,0,0.019629631948248828
49,51959.215963689574,672,48247.29085118503,16.013395070894465,south,C,,4,1156,0,0.0
30,61449.6376325374,672,17048.251271392073,3.4494700806055114,south,B,,1,1157,0,0.031219462865189503
31,28183.07698395546,628,18168.940492113936,1.6919724206750715,east,B,,2,1158,0,0.0
53,56448.22359742224,687,22368.350943715002,2.3226622936069323,east,C,11.5590588415429,3,1159,0,0.00402567289591024
30,33871.03847808707,563,12416.234920455536,5.6052164037022125,west,A,,5,1160,0,0.0
33,49061.912063678756,718,35915.726242074554,0.4028069312137492,west,A,,5,1161,0,0.05803286639556341
54,95447.57583308214,629,30080.179662250717,12.463369751266496,west,A,8.666498299586289,5,1162,0,0.012106501435016875
49,54553.31354285644,601,45250.81166983654,0.2944726573250629,south,A,,5,1163,1,0.9700449072679742
35,37042.80171229507,570,15839.385154093994,6.295191152601223,east,A,8.351738557321047,5,1164,0,0.0179796352772087
47,56116.83508936858,625,12660.389896963972,30.0,south,A,7.502514778584577,2,1165,0,0.10712066196104891
44,42243.87220115968,837,21138.052670578836,2.132810486846995,east,A,10.667098023272409,1,1166,1,1.0
40,35588.83830263673,643,11574.890757863992,8.759873913420915,east,B,10.371026613169487,5,1167,1,0.9970416493133152
37,81547.09300085751,535,47576.796267497455,8.49625549557083,south,C,11.375304969018025,1,1168,0,0.0
47,66002.18039400129,741,37285.10135912338,3.578117681702329,west,C,,3,1169,1,0.9691754249696142
31,55183.04937493618,602,40828.62445921235,0.5086642839352704,south,A,10.485288542647725,4,1170,0,0.033999646081761516
46,44122.65064628688,678,38661.963051743965,3.4834275952167175,west,A,,1,1171,0,0.0
43,45338.157755417014,589,15926.86286477091,3.108651395326772,west,A,,5,1172,0,0.00013443805395676637
44,73137.22800266226,778,11329.548710910643,3.724594439428067,north,A,10.825782790444801,2,1173,0,0.07188094561697056
32,54598.66306496852,590,24324.5112354252,14.413867641665629,south,A,,2,1174,0,0.007519619651182717
60,3757.9228557678,789,42305.86047985166,1.1603173216029532,south,A,,2,1175,0,0.0
35,86314.07773488256,545,19873.189787034582,7.2995157233066905,west,C,11.336835370572018,3,1176,0,0.10889239263363051
36,52745.935354584275,620,5430.332400274145,4.553153417150023,east,A,8.660637143855594,3,1177,0,0.0881224148972955
39,55150.53508602225,789,34702.731595466175,3.513952285553276,north,B,,1,1178,0,0.025058827918954637
49,66300.42220152194,666,14002.838188392385,21.324599821726142,west,B,,1,1179,0,0.06378777056695435
44,56981.0424096738,850,29427.582307623798,9.720626837569569,north,B,,3,1180,0,0.0
28,61203.62926575215,623,5669.602251152849,17.464821971233608,south,A,,2,1181,0,0.03622272388327251
41,43644.14798952613,675,27898.243502970978,12.969612595068178,north,A,12.53154985033311,4,1182,0,0.0
42,31553.070140504202,840,22712.381859524434,5.9652119345554615,north,C,12.131370349440095,5,1183,0,0.0
61,54203.49172209795,498,44618.539414221515,4.366108833154866,east,A,11.074867708454674,1,1184,0,0.12959613054203384
38,71474.21978411885,486,37481.62097498135,16.861072646583825,north,A,13.944391903887627,1,1185,0,0.0
48,40282.961624253236,570,6621.2669706303,3.4485501762974398,north,C,9.621508606863216,4,1186,1,1.0
65,39079.640077703356,731,40528.507848747206,8.105575408825251,west,B,16.06352483022127,1,1187,0,0.014293834258908553
57,68315.28890569907,489,40605.23544690473,7.57535393500522,south,B,,4,1188,1,1.0
32,43141.32192288363,709,34853.42967499017,1.3777456800744874,east,A,,3,1189,0,0.0
51,43841.60129248397,702,46818.35311566479,0.8850396773564047,west,A,9.204444172119583,3,1190,0,0.0
46,44402.83590580637,850,41146.40874497613,2.177543766230192,north,B,10.74465112012061,4,1191,0,0.00692058666951633
37,49025.28528514281,754,14850.439907087943,9.633744158563887,west,A,,5,1192,0,0.023993424067039252
51,26395.428561469416,686,22169.564826094513,14.606543739355502,north,A,9.772167213893832,1,1193,1,0.9999091819284884
32,41909.8983118756,785,20746.545009636793,0.07262530140198066,west,A,13.55343969423524,1,1194,1,0.9965819427087552
35,53455.52028709583,703,27720.851739773163,5.534517469448371,south,A,10.478298569266922,4,1195,1,0.9339445028530312
39,53348.56904262244,603,47917.11290889359,5.582456617981963,north,A,10.540970772220398,1,1196,0,0.10068412348486891
37,67369.8957886938,535,32701.926580151532,13.222444548215686,north,B,8.182004610972566,3,1197,0,0.026784957465118317
49,77590.88333292207,593,19082.257673905795,4.320737343968171,south,A,10.836998149100769,3,1198,0,0.010445338065207756
41,72687.25169996604,645,47368.29822734474,25.956248765551763,east,A,,2,1199,0,0.0
36,63719.785761109015,667,36512.21627733637,4.5496591701395905,east,C,,3,1200,0,0.0
57,47768.98113849189,436,16973.623556690152,25.624513025756734,east,C,8.447051183703273,1,1201,0,0.04299932240237681
49,40653.9639506468,628,45793.07459610033,0.4185001359380174,north,A,15.34352675951337,2,1202,0,0.0
29,50268.17648762603,652,20489.580401124455,3.8597858754318723,west,C,,1,1203,1,1.0
29,58783.68154659347,704,28229.50740130179,3.31698452751336,south,A,7.086029158437464,5,1204,0,0.0
36,62329.06697368502,812,26565.028056038773,4.9547958427694425,north,A,8.603557080534856,5,1205,0,0.0773427421988316
30,59346.286002737754,668,46563.389298463415,6.994044770416614,west,A,9.896864321047573,2,1206,0,0.04506887177047186
54,48182.367929359214,559,16954.8511730443,1.2950174700596662,west,A,11.09333406523297,1,1207,0,0.0
35,61802.93359763392,468,19998.803608984068,0.39772666486392105,north,B,11.109593043450626,2,1208,0,0.023381270921145374
47,68913.08757625254,718,34707.20825017895,1.0958462918206193,south,B,11.353229103553051,5,1209,0,0.03705021797674078
65,63202.40576101312,563,44897.70663111592,3.9752399824664293,west,A,8.710279386725341,5,1210,0,0.0
51,49519.80417254902,736,10169.784080098409,1.575535855768282,east,A,,4,1211,0,0.08389134456939601
26,37492.2696124099,789,14444.758350745455,11.200502024231994,north,C,8.247881071778844,5,1212,1,1.0
36,37136.48855917839,495,47661.55171179033,2.163951910090585,east,A,8.760714033971977,1,1213,0,0.0
39,39781.735646117275,705,39978.36969819938,6.624450899657813,north,A,,3,1214,0,0.0
44,53856.12798012395,779,20573.13953695473,9.75376270733209,south,A,7.6232222908034615,4,1215,0,0.049354887069202366
53,57797.0563033345,751,21093.566363583268,3.4304065501386014,north,A,12.128418977716017,1,1216,0,0.01055795986135026
65,28782.01523083955,440,26129.024179985096,2.7503064008221223,east,A,,3,1217,0,0.024130045146604676
65,42440.07337454674,564,35320.97748887123,0.21969505879125462,west,A,11.95333073995626,2,1218,0,0.0013332277278139935
41,53649.281979580905,521,30246.84970931147,11.15561227210568,north,A,10.078626132048592,1,1219,0,0.0
40,36504.80134853596,702,39925.39786243045,2.8478971325340012,east,A,11.553615397730294,2,1220,0,0.02543088949640586
64,56508.56229589407,691,7437.505630106367,4.080285414475732,north,A,6.47742119071491,5,1221,0,0.0
41,45388.57563625152,380,41856.83341318264,1.3383704533003336,west,A,11.72617503609071,3,1222,0,0.0
35,39148.695924961154,619,7612.310828860956,7.289570173054047,north,A,10.35423966001006,1,1223,1,1.0
54,50798.08148673346,730,44643.82662597963,2.132319935365146,south,A,11.254219200298332,4,1224,0,0.043453456888235445
45,55884.204943686505,664,6946.449590637448,7.315313173741352,north,B,10.760046598097226,3,1225,0,0.04633824548789628
29,37272.066285951085,664,10752.459412046119,0.005156960192557864,west,B,8.025889690926228,2,1226,1,1.0
38,46360.81430278929,613,13108.296731767157,4.921317811367566,north,A,7.003920449217906,2,1227,0,0.019228693609005962
30,57015.17565960662,544,15037.285196284196,13.549212357854586,east,A,8.575891667634073,3,1228,0,0.005985376822465659
24,38568.64725024849,648,23079.29326656141,3.6299548136971964,north,A,11.129834562545824,5,1229,1,0.9660396325304379
65,25133.647393641473,655,34496.69030947752,8.601362113434682,east,A,,4,1230,0,0.0
43,26951.392314653684,711,45167.15218585001,5.684820831362005,west,A,7.264115445236275,3,1231,0,0.0
38,43729.23703914545,719,28602.62645614138,3.0613878491406386,west,C,8.037801265063571,2,1232,0,0.03952116694032875
36,30223.725855422923,658,28962.038338124366,5.4421035663510295,north,A,8.553528628118322,1,1233,0,0.0
41,44784.17157235631,759,19368.729407735787,6.666712853511288,west,A,9.285389879466369,1,1234,0,0.04513679909778773
36,74974.14276759018,612,41030.6190937632,12.297193244728055,south,A,7.275898338294695,1,1235,0,0.0
32,29321.024184669775,505,9971.880265318883,3.194630261020391,east,A,,5,1236,0,0.006402935738218287
37,45760.92722783449,697,18549.643129618416,5.699424252573251,west,A,,3,1237,0,0.0
62,81984.56831407077,662,9364.163618261442,0.8485511667985104,north,A,10.172507672450012,1,1238,0,0.06930372144414831
54,56121.951244635646,699,14638.136847179625,5.080463306053202,south,A,7.638811320493019,5,1239,0,0.060472117996821444
37,44484.15068786601,523,31396.906020010276,24.8475857592732,west,B,9.768392980056468,1,1240,0,0.0
65,47646.76048221142,829,10668.217459141051,5.636388186008615,north,A,12.11710563228363,4,1241,1,0.9550497961793352
40,56440.43762589917,721,9527.800786858475,0.6009461846290832,south,A,7.39644052517298,1,1242,0,0.04619445526660198
34,75436.5789594116,621,42165.98651478186,1.4989666479617885,east,C,9.587108483178922,3,1243,0,0.0
46,42037.19588784136,556,10323.46076423618,6.689328189388771,west,B,12.049513467501544,3,1244,0,0.0
65,38635.84575667576,757,32362.400746046893,2.1826919395646645,south,A,9.163463219272382,5,1245,0,0.024917493424386372
61,29317.869008296588,539,20840.50323023766,1.5456696565359405,south,C,8.852660618283162,4,1246,0,0.06092449609016132
34,51546.44048764706,850,45336.52047993108,7.160328561075134,west,B,12.326991628612948,3,1247,0,0.0
31,28914.689452731305,588,36839.75165636983,7.208806546237657,north,A,9.387595842056903,3,1248,0,0.020225884411738036
37,43043.26062767308,822,7674.360418087717,30.0,south,A,,4,1249,1,0.979216309413115
48,36369.74838334472,631,45296.06497291915,1.0518201875158373,south,A,10.857930782254398,3,1250,1,1.0
52,66111.85265351158,808,23625.45025412161,4.438403343399444,south,A,,4,1251,0,0.05475148432061077
58,42374.05418949791,576,18420.23520428443,1.2936011373913647,east,C,10.95938106119506,3,1252,0,0.0
43,55953.95492008424,651,35275.19097032896,5.895196084203144,north,A,10.640899027692075,5,1253,0,0.0
44,25938.619974671557,730,37308.826455472765,3.801577456883873,south,A,12.041765642004949,1,1254,0,0.0
43,51972.604316792684,716,18646.284959188728,2.6570676607333477,west,A,8.903308924269963,4,1255,0,0.04628442162301242
55,31952.59541208877,760,20824.544569867045,7.589435329804657,west,B,,5,1256,1,0.9431716754146087
52,43615.27250105211,601,12034.872927801072,8.472536017601499,west,A,9.876968640790725,4,1257,0,0.018601212060118336
34,83168.03861384335,658,31704.960416412843,1.6560924147811897,east,A,11.408296283279569,5,1258,1,1.0
50,63982.61565861326,774,48060.90739992298,1.7599265951201728,east,A,7.949641611111648,3,1259,0,0.0
54,48073.8112575304,579,23748.1008054527,1.3682211695538131,north,A,,3,1260,1,0.9916894574910022
55,97984.12864674794,707,49829.27817174955,2.747187280833984,north,A,10.932657544340833,1,1261,0,0.04995217237533864
45,36272.37964440024,628,12938.657202312766,8.967334988053295,east,A,7.366149852734107,2,1262,0,0.0
44,67478.24573113042,670,40824.47565688031,1.1405089872831675,south,A,12.416525650961,1,1263,0,0.0
41,27009.883147293283,658,46764.87141264155,0.13343768724917549,west,A,14.468186161595462,4,1264,1,0.9882804389395464
42,46341.158635280786,571,35962.445869846284,21.307657603878944,north,A,12.003667939098815,4,1265,0,0.06389563310381866
65,29783.15374729159,623,9919.683018988959,3.0425060531642814,west,A,12.853969534452938,1,1266,1,1.0
42,53859.13872636312,664,19694.360922730484,0.01568996381466319,north,A,10.170742763205176,5,1267,0,0.0
34,50839.55380368135,639,8854.961592978121,11.843220026231627,south,A,,2,1268,1,0.96439391859776
45,45385.02801224627,807,32078.66544121103,0.7469718890851157,south,A,6.31175909766495,4,1269,0,0.05320573079597926
51,66380.8553768946,750,49916.696412151905,10.725800708273878,west,A,10.510164087735516,5,1270,0,0.0
55,41493.51540495815,678,21863.957595586657,5.013057996583964,east,A,8.81604238454004,5,1271,1,1.0
32,54902.77621710986,573,12332.526913681759,5.861017197967575,north,A,,1,1272,0,0.0
63,62308.32410407008,567,17088.80876001613,11.533229212992206,west,A,9.87450663206265,1,1273,0,0.06469139217621907
51,27751.681866557254,847,30686.0886144585,2.7404150706910935,east,A,11.231170575722576,1,1274,0,0.06975092698191881
62,38773.784874884244,549,30603.28040754213,0.09557480099110516,north,A,,5,1275,0,0.0
29,50807.91450973751,661,15341.937482133773,2.7730273695165466,west,C,,3,1276,0,0.008383901773748757
56,59452.30129142478,686,38781.71332420212,1.7880961689612445,north,A,,1,1277,0,0.0
32,71318.566488823,618,8960.55311720122,5.186746915142543,south,A,7.84942323955725,3,1278,0,0.0
38,46761.80301908119,549,33036.812724381,8.202117928753571,north,C,11.739522374329912,3,1279,1,1.0
51,45252.93436025174,571,24156.452702767183,10.39803457897988,north,A,9.030538476902013,3,1280,0,0.0
31,36911.05954679504,595,10722.875892946104,6.664639934588161,east,B,11.091587519699905,4,1281,0,0.009696272826401248
36,54949.7613826555,579,33547.31384430444,2.0607782594519684,east,A,12.194655014405734,1,1282,0,0.04786360826398817
29,45543.23639452863,782,35287.22381877183,11.868215075335632,south,A,11.482563533970044,2,1283,0,0.07575808618979629
51,45889.51605761422,649,24800.913303403613,14.728655974203797,south,C,,4,1284,0,0.014434007240472722
34,48591.67241167238,597,40909.67687594367,0.34351132670190715,east,A,,5,1285,1,1.0
42,58274.42093135509,660,27919.24629847185,12.658430608523004,north,C,12.227319413482597,2,1286,1,0.9446354920259077
46,41544.041702311086,716,17858.950344434405,6.0664859896862575,north,A,8.29461377073036,3,1287,0,0.079289922705536
45,38417.62866636643,615,47912.05750721707,3.893175465827236,north,A,10.519083531143076,5,1288,0,0.024785053391407436
44,56475.86279201155,740,47481.98169874419,16.191829393034794,north,A,10.516492373994454,4,1289,0,0.006811256224334615
44,4614.1264717612285,522,9302.962762325524,1.0407346997363685,west,A,10.970245117739163,2,1290,0,0.004252461109834705
30,40944.82739507472,767,47573.657714677254,5.4090491267480445,east,A,10.673913352120382,3,1291,0,0.01803267367776272
39,32730.357508889538,649,39896.70713322424,5.125304470145098,north,C,8.312380042950554,1,1292,0,0.03858952449403666
44,68048.87334525184,645,9798.98731507556,0.5626414650497362,east,A,,3,1293,0,0.044777526506529663
42,43386.00856185655,580,28369.637233349655,4.17356021943104,south,B,11.744697359923537,3,1294,0,0.0805400947903303
40,41589.25827099154,527,6572.8089534919545,1.7493334271983838,north,A,10.37166915503783,1,1295,0,0.01213442542563081
35,49270.66272120089,483,31498.568175239456,1.7845039216468388,west,A,12.298753681915635,2,1296,0,0.08771006096327019
45,41069.41357302629,573,46993.44388406841,8.133892285224373,west,A,,5,1297,0,0.05288616397412807
47,43960.27762769698,708,21569.43818684561,4.597281076915747,west,A,7.189671278646079,4,1298,0,0.0
37,51456.656156347446,553,27888.13283230211,3.6034997106755604,west,A,11.932259362008212,3,1299,0,0.0
55,43669.393482405976,495,15240.214665620422,22.01034863505103,east,C,9.259258780677786,2,1300,0,0.004278113214849145
63,43561.738215919446,559,29342.580796800165,0.821353889480481,west,B,,1,1301,0,0.0779238902445161
42,34847.63489433037,611,41115.86009345138,0.3352007903645894,east,A,8.705081143040962,3,1302,0,0.0
34,32693.243892192033,615,14686.622327175342,16.14807499833447,north,A,13.288603420467382,3,1303,0,0.004123132373127604
31,50909.55346385421,637,29906.90428840327,1.3375428816427337,north,A,8.246870351633607,1,1304,0,0.008260945466088795
38,54599.00764678734,753,20958.947470306142,6.382597922055947,west,A,9.32514049178765,5,1305,1,1.0
41,28577.650343240755,774,38654.2435133191,13.34693602642928,south,A,10.214897405394632,3,1306,1,0.9806094226108352
31,61399.12123071271,850,36591.739788074134,3.5647770562927663,east,A,7.815635345826084,1,1307,0,0.0
38,61460.71459737121,487,36445.53452513383,2.4735954235530917,north,A,10.66103905717519,1,1308,0,0.028500107561186722
54,64620.33707417935,564,22001.14101759777,1.625323131800842,south,A,13.22382095493498,5,1309,0,0.0
26,54498.336271108965,719,31967.56863367151,0.6854522520195656,north,C,9.019075678612579,2,1310,1,0.9082247323928945
43,59556.23150433494,604,34298.833265891255,1.3515999484706924,north,B,10.790285638063452,2,1311,0,0.09201859622139325
36,82775.38766867483,736,35636.628756637816,4.907059170970499,north,C,4.501129227922889,1,1312,1,1.0
41,45477.1759868406,670,30886.535931690756,4.309603145314145,north,A,,5,1313,0,0.09416938927085938
65,34314.62748665665,807,44006.21360704512,2.6998604820358176,east,A,,5,1314,0,0.043700637650776794
41,26989.101751678078,754,16195.936067150116,2.325255823553889,north,A,8.36300479517923,2,1315,0,0.03401824608462262
39,76335.10895348474,756,7511.305521261943,0.29276807306731323,north,C,12.162900939257064,4,1316,0,0.018476781671017874
50,76531.80888047986,608,48312.655424321,8.510607717051514,east,A,9.347512636752343,3,1317,0,0.0
45,36131.00387098654,640,7733.017698074085,0.9001058638570503,north,A,9.645045025812825,1,1318,0,0.025605329095254828
43,39090.187809821655,619,45633.00451063796,17.55093935804133,east,A,9.245614250421857,4,1319,0,0.0
45,45140.13443703242,499,32552.822162940058,0.3460972697207219,west,A,6.1663682564698465,1,1320,1,0.9465385413760391
59,68363.85308218974,797,46343.31733915697,6.047946218643626,west,A,7.736027119846078,5,1321,0,0.0
53,30690.467022795347,724,30422.926875318753,1.2884240694694906,north,A,,1,1322,0,0.06457461456756969
39,20500.70712666687,615,41945.39264717632,0.7032145146313191,north,B,5.780098706240056,2,1323,0,0.0
63,82512.71714843242,780,37458.06184555401,0.7559331910553324,east,C,,2,1324,0,0.0
36,54685.59930380113,586,28630.04601473018,5.95821386347748,south,A,9.200559887420471,2,1325,0,0.029565458135641116
43,56816.19958877841,466,21349.56154791287,11.87292494931581,south,A,13.487243734583132,3,1326,1,0.9792460647781667
44,46923.4099220001,750,5128.655930975404,20.133155686764706,south,B,11.537207530992738,4,1327,0,0.02427475225797325
38,56986.773855770356,522,16290.737355621963,14.720396582148485,east,A,8.885658945893802,2,1328,0,0.04949287159397227
61,27286.91174988521,630,47829.506381327454,6.99094406199546,south,B,12.609027394231102,3,1329,0,0.0230766242128939
38,37386.19149709655,670,17395.783153924607,25.878390726051194,north,B,,5,1330,0,0.0
40,51577.36826783908,688,38833.35991979901,13.458328168784597,north,A,12.018199607468011,3,1331,0,0.06414669042643026
55,15936.636606496373,734,27882.392653910116,11.119960965817189,north,A,,4,1332,0,0.03710613413017554
37,45462.23579278656,708,18883.147309465967,7.315710235403278,south,A,12.146515663578315,2,1333,0,0.0013413927094789015
30,44537.53444498389,704,49599.20520330712,6.751311081300084,west,A,9.187732709058029,1,1334,1,0.9989208593050785
43,45459.64652074458,570,7113.846988615737,5.890095286507676,west,C,,2,1335,1,1.0
32,41733.77288268528,679,31193.46979133107,10.685206599963958,south,A,,1,1336,1,0.9844008149870848
31,35061.621111882545,499,25768.319720437008,0.4883680296893921,north,A,10.55468835944043,5,1337,0,0.0
26,22669.5222459362,806,8443.688436592773,0.7488503094390552,north,A,,1,1338,0,0.03750788731308369
26,52171.20570751118,509,14634.329261690977,10.741716096000326,west,B,,5,1339,1,1.0
27,45498.14019805635,615,36240.88881550511,6.773324171633849,south,A,8.834012232671865,1,1340,0,0.0
65,29370.776801469834,518,9874.788340704508,2.287417453313603,west,A,11.240744787862717,1,1341,0,0.02553380713286267
27,50938.00119250656,576,41046.12997473706,7.258053389543836,east,A,10.884444124073198,3,1342,1,1.0
32,45575.747073909406,651,33127.7447278451,3.606015123040224,west,A,9.87815389058413,1,1343,0,0.0
40,43084.640725068275,597,9538.591769762312,0.37369576598181325,north,A,9.1172353752681,1,1344,0,0.0
49,17646.576697888242,764,17906.658294346133,3.347311196931728,west,A,10.303081591530532,4,1345,1,0.990900884293297
51,60241.5126846184,672,11173.0038056089,4.4674592811585105,east,A,11.100507486067398,1,1346,0,0.08302059671854414
34,31504.23439836305,603,40892.05830009952,6.260448621510501,south,C,14.123598305463217,3,1347,0,0.056047352207848095
42,50949.053822618625,636,28983.183130655012,13.193713417546949,east,B,11.878840843596361,1,1348,0,0.0
40,37875.97334850961,771,5127.347152246392,0.0681494851456184,south,C,11.951979899631683,1,1349,0,0.017105926167926302
42,44169.10223678022,740,29430.664125266863,5.603366222004395,east,C,16.177024389720568,4,1350,0,0.11513360661387631
43,67284.38737624866,536,26726.165791922795,0.4172146131571709,west,A,,2,1351,0,0.0
46,57974.27301205061,581,33938.438134662734,2.040179170515105,west,A,10.969287022623405,1,1352,1,0.9994423108170334
36,66950.59919434205,697,6567.982496914824,2.3105040103243537,west,A,,4,1353,0,0.025675365174380956
58,54955.7824193236,685,6594.160636987128,24.986792224305432,south,A,7.982068044823494,5,1354,0,0.0
65,55942.15376511171,544,20721.564729291054,4.173036259639145,west,C,,3,1355,1,1.0
38,23282.914996607335,724,35984.21432726692,2.09878244387139,west,A,8.987661466615332,2,1356,0,0.0
65,45237.12509200169,560,34995.1141664913,1.7306992673198813,north,A,11.295227954439124,5,1357,0,0.0
36,46626.36602227088,780,17521.86106446146,0.1885194630755766,south,A,9.651650875557603,2,1358,0,0.0
43,68354.97230527963,702,14723.039505330315,2.5375257599495313,east,C,,4,1359,0,0.0326510043093085
40,42406.56008139608,536,35740.651882147824,2.2948139686825586,south,A,,3,1360,0,0.0
42,53972.89263584184,597,6220.073126021118,2.878884433398227,north,A,11.726301477408278,4,1361,0,0.015109969443355131
56,53386.36014627128,595,30055.24992625046,3.3948911390341463,east,A,9.676557993917505,3,1362,0,0.02812752200708331
39,67365.12740421091,665,24084.43889198572,3.374487242615471,south,A,8.660009806243554,3,1363,0,0.0
31,47993.838765408,629,15758.906807084457,1.3863114821733835,east,B,12.270549463306377,3,1364,0,0.0
36,62416.8042303972,535,28413.414019960917,0.9333689693258937,north,A,,2,1365,0,0.01744854297690337
39,24427.022987937133,510,14772.544548026135,1.9413735696199828,north,B,6.7874863634092355,3,1366,0,0.03512060800017571
44,25789.708505840874,704,30394.472249715902,18.938014150930712,east,A,9.373692122183439,1,1367,0,0.0
34,15749.834830632099,678,11703.822630185454,9.7656360753517,west,A,,2,1368,0,0.00758861551240143
35,61789.774627,660,23256.181044111032,2.2678907583909798,east,C,11.557659434242062,1,1369,0,0.0
44,60105.00406683104,677,27969.18508871624,8.440622595186591,west,A,,2,1370,0,0.0363925085400297
45,63452.41360848924,588,6426.546261972236,0.8424011883176091,west,A,10.567812002350948,2,1371,0,0.025970678958280383
53,39839.5724644071,668,32482.275821132644,2.4308289854152787,south,A,11.170495062717713,1,1372,1,0.9813258492402164
35,41546.785136980005,850,38764.188207387655,11.454042417082132,north,C,10.128273604756307,2,1373,0,0.023922192559807893
48,48184.28536006534,767,48023.310326496765,1.7484451931080032,east,A,8.652296623638879,4,1374,1,0.9793700814103651
40,71655.48954421484,621,14140.685860898437,8.642865552777478,east,A,,5,1375,1,1.0
37,75407.42191433077,597,14391.291526231042,5.154561461956561,west,B,10.037982373280217,4,1376,0,0.023564727267229413
40,61907.12734762044,363,18717.387090297678,3.3686383924901273,east,A,9.930641499962821,4,1377,0,0.11855232642842545
42,54965.29587205251,756,45084.381685560744,6.126674162143894,west,A,6.228854191113059,4,1378,1,0.9831868878947945
30,70030.74046550189,728,23308.572366179254,18.31126769149635,west,A,9.205033330141138,5,1379,0,0.0
31,46162.36314275662,595,18580.721588417968,5.420563331446972,east,A,10.112411306178304,5,1380,0,0.0
50,44135.877042765576,506,38353.13518457192,5.5705267848672,east,C,9.437260016188597,1,1381,0,0.0
38,48064.668190792836,534,6709.55799099391,8.294873754442014,north,A,9.506352408976829,3,1382,0,0.0
44,35319.28445870633,694,29696.65300887379,2.6197675154799205,west,C,10.975982741609174,5,1383,0,0.03325503476106188
49,47374.85953442581,641,25258.54959843173,4.741934989774978,east,C,7.842085625902732,5,1384,1,1.0
40,33238.8793432409,719,33118.61948341951,2.002993228998743,west,A,6.743915572097578,3,1385,1,1.0
48,65375.11728349367,658,37899.485307068564,3.104948184090865,north,A,9.30366041832665,3,1386,0,0.0
42,58155.31086549527,746,19624.477349537214,7.5018121903146575,north,A,,1,1387,0,0.0
42,71443.43596321737,686,33638.773371045914,3.268768422899437,east,B,13.375106078973277,3,1388,0,0.0
57,25560.757956287158,732,28594.79163324476,0.05045576874002712,south,A,,3,1389,1,0.9721556199518497
39,78525.45420383109,441,11028.551467562447,0.16440638722737594,east,A,7.0634724802623055,4,1390,0,0.0
50,26412.868793098398,526,44677.679360434726,17.595883834569577,south,C,,3,1391,1,1.0
29,32025.378873751913,613,38956.557552388476,4.093221009301223,east,A,,2,1392,1,1.0
43,40687.676797053646,757,46474.4360403063,6.196411195307162,east,B,10.355182233847184,5,1393,0,0.0
62,69615.81037954797,838,37418.20661587997,10.735915916335578,north,A,11.078609105885748,2,1394,0,0.01446318189253054
65,53383.6024584286,633,16016.295221198438,4.054065309449509,west,A,8.165902107078479,2,1395,1,1.0
30,46342.56124217642,588,24373.680131119523,1.1151771810183608,south,A,10.129886175101484,3,1396,0,0.01044043947950661
37,38110.58848032259,454,22409.079145019106,8.320639665832827,east,B,10.840645659552258,2,1397,0,0.0
32,29360.972740089503,736,6611.986968447027,6.089528789232784,east,A,11.65134190660732,1,1398,1,1.0
40,66989.40985539515,594,23474.6668840499,10.255672449680011,east,A,8.388563666774417,4,1399,0,0.020523865078928023
52,61979.5889157296,850,20550.62542990024,18.16593717337377,south,B,9.309686265514204,2,1400,0,0.05170608769819164
58,70286.75565638526,576,5176.570379039594,0.4100773620378535,north,C,4.5923646398533196,5,1401,0,0.0
58,55952.271904716865,850,43120.54665910814,0.1651602738797948,north,A,,4,1402,0,0.0
29,10368.46312166698,724,11474.349125353394,24.341881192624438,west,A,8.951170214057914,3,1403,1,1.0
42,31331.25600977822,547,27542.847532336884,9.151589503888435,north,A,7.960830983665113,3,1404,0,0.0
35,56973.06958770063,673,40310.502041032036,16.509403541340166,north,A,,5,1405,0,0.05272998029169365
39,44454.2446214597,727,32201.66160949141,0.6965985583968222,west,A,9.888109135909463,1,1406,0,0.0
36,41617.370496078096,627,12620.805142219291,8.887273733809703,north,A,5.481572244844777,2,1407,1,0.9765730052548903
29,33451.59852665707,733,32819.50065493002,16.76119817496474,south,A,,1,1408,0,0.0
58,64213.8435112181,731,39091.860250193124,26.567421410886283,south,A,8.143351738421945,1,1409,1,0.9833811679083919
34,56842.889561214615,709,43464.40322648809,11.045093984067933,east,A,,5,1410,0,0.013054953598160259
35,57517.86834362184,648,19339.419188188906,12.555949096668442,east,C,,1,1411,1,1.0
62,40495.96626822414,532,6526.46302412087,7.622430493781367,east,A,10.06001307706188,5,1412,1,1.0
28,52644.31638349714,642,32357.66928993082,0.9457734632406174,east,B,,4,1413,1,1.0
46,29933.526107052785,667,15159.582956475799,6.555619062870795,west,A,,4,1414,1,0.9914237199664118
54,48052.58028730709,462,40140.27832750662,3.6774502971118244,east,B,10.249394555302693,4,1415,0,0.10543521808532293
60,12081.056321103366,666,35594.67692147559,2.80832775747403,east,B,,1,1416,0,0.06935451669784944
45,26478.257912981673,640,39793.40846041675,3.2815405475603656,west,A,6.927455371911511,1,1417,0,0.0
50,45165.32233621983,520,48538.90401446307,0.9933534774035593,north,A,7.045584073077936,2,1418,0,0.0
54,85626.77219412397,616,31304.632781684355,8.453157344013082,west,A,,4,1419,1,0.9833476103649874
40,22988.853898627032,618,45694.109768454946,0.30567202977892094,north,A,9.983440232140826,2,1420,1,1.0
33,31346.291111902057,843,33885.202211332,11.483746453074783,south,B,,1,1421,0,0.0
63,53251.62195039215,672,13178.495578940783,0.34622894025900613,north,A,11.25042386115893,4,1422,0,0.0
48,76541.34359021904,753,40968.86807790315,2.7860912193742813,east,A,,4,1423,0,0.0
42,53032.5874548211,638,36216.43808961718,3.7297335936189553,west,C,8.06997455044098,3,1424,0,0.0
30,60532.12778456235,462,49007.28999537122,9.926749002588565,south,A,,3,1425,0,0.05323795919870014
25,44935.94373985284,717,15954.439502333482,8.124445293253618,east,A,10.451719672633105,4,1426,0,0.0
46,42340.676165909346,584,19990.648232776963,19.536342148032496,south,A,,4,1427,0,0.0
25,51232.76528101635,616,41967.09619710674,1.7115138329237818,west,C,,2,1428,0,0.013907957192775553
41,40125.65914060843,544,7830.031911511118,2.089096403980751,west,A,8.662181319993161,1,1429,0,0.0
34,60864.04008076618,657,33493.989407672336,1.356565698766802,east,A,9.8530426768192,5,1430,0,0.0012643106322118604
36,25905.92151581624,756,29096.42237297938,1.8086123102715939,south,A,10.852247893638852,1,1431,1,1.0
59,63349.805488502505,743,12596.984252040058,10.145077654603037,west,B,,3,1432,0,0.015328158330599063
34,50589.695184541284,808,12430.476916710943,3.805119141836676,north,A,,5,1433,0,0.048908236563085454
42,46779.18697098705,822,41458.892956429074,8.607003163853655,west,C,6.901485647311513,3,1434,0,0.06320659531343292
35,25355.231597203674,445,5695.031994695365,1.9713604331276966,west,A,8.978330881893969,5,1435,0,0.03312948808189036
45,35303.169920031956,530,38607.864813947395,0.8609415424487179,east,A,7.852595174564398,3,1436,1,0.9643316487909971
43,67979.77209699768,469,37970.02521520191,4.587523340015925,east,A,6.546786637752444,4,1437,0,0.0
41,46871.01502949952,713,34235.59893658945,1.1099987144445518,south,A,8.408642316658828,3,1438,0,0.09657444264833177
54,54175.97698809232,580,23428.294838656977,5.499696456723675,south,B,,2,1439,1,1.0
28,36807.0198002698,601,6274.430758589317,2.6456357800049166,north,A,11.167573090585897,5,1440,1,1.0
27,49564.18045661824,628,41079.95007318578,2.87648571908432,south,A,11.202183674828587,3,1441,0,0.0
31,29417.719278200308,688,10656.824171289858,9.73190694028506,east,A,8.19224142083825,3,1442,0,0.0
43,51498.23381431831,501,17635.436787186754,4.347793685315987,south,A,9.479542738873757,4,1443,0,0.03581867930763934
47,55559.61345905307,524,47605.23170560414,0.7586705276014285,west,B,,5,1444,0,0.0007422855248233536
23,54809.22090777526,650,18583.746193227704,2.57905665505765,west,A,9.011320099634611,5,1445,0,0.0
47,36446.227542647575,769,16481.261767771473,3.318464797110514,east,C,10.797963801404691,2,1446,0,0.0
65,44869.235238492474,647,48801.674992028195,5.21711520148355,south,A,11.649875779228205,2,1447,1,1.0
38,58057.91218972447,570,8866.949094305099,24.22557487961039,south,C,8.573905836617373,2,1448,0,0.03338904063321185
64,46828.436070828524,435,12231.067456280636,0.413442579491359,east,B,12.10370972105504,2,1449,0,0.026702011343111776
46,45690.41926489835,745,24724.28816968033,6.448773450367242,east,A,,2,1450,0,0.022044106947433164
61,78552.01412938334,576,40445.29075286978,11.349765607351253,north,A,7.504744401712415,3,1451,1,0.9408485020382388
58,35735.16321700813,535,44796.15225244744,0.7447795546138893,south,B,,1,1452,0,0.01361745433746332
38,66206.27702133474,478,39003.607520724465,12.73681683128029,south,A,13.342242457126495,3,1453,1,1.0
52,32679.790047426042,506,48927.87642212842,2.2578097810562845,south,A,,5,1454,1,0.9869539229389878
38,59821.716286571216,553,5758.076417313137,0.15027773637677472,north,B,9.919315226931975,3,1455,0,0.048871403118041196
65,60622.2883718596,626,32877.79497461478,12.279687694176735,west,C,5.609632506955583,1,1456,0,0.02726133592606139
39,42344.52267414431,529,10235.579084822022,8.266141010319178,south,B,5.955105887913041,2,1457,0,0.041383642127835296
48,31737.847207068407,668,45966.32332721916,1.5256237775248116,east,B,,2,1458,0,0.0025468243278540478
65,20443.501942948737,625,47088.824331172655,3.7095355465106215,north,A,9.28387466085765,3,1459,1,1.0
48,40773.297366119965,850,18636.269796670895,1.6454622248835422,south,B,7.788329635695764,2,1460,0,0.0
37,57893.27971928486,479,42246.88408323492,6.293529559099125,north,A,10.131065161660102,2,1461,0,0.0016572860086689152
30,33835.57764350632,666,33362.40089242841,4.728185293519719,south,B,,4,1462,0,0.03565074305387602
28,51454.22871385592,667,9521.995301827617,1.2437177789941614,west,A,11.888831737080546,1,1463,0,0.01481497631229768
47,27853.55303133732,546,32124.567169779988,3.80853842636858,east,A,10.273204566025402,5,1464,0,0.054781182800201826
40,46491.67711844054,659,48922.56677109508,10.166587903120947,west,C,12.45678873666877,2,1465,0,0.0
31,32794.34143701904,726,18864.23220525754,1.2946114286548498,south,A,,5,1466,0,0.0
51,48830.29247158359,659,5051.334926570107,3.2089769163609914,west,A,9.769330010385328,1,1467,0,0.0
50,42483.80795588702,788,48955.62547414306,2.657898226050568,north,A,,2,1468,0,0.0
40,32144.507956436002,432,23629.253785272642,14.935401408528335,west,A,,2,1469,0,0.02584374734099809
62,40116.89783166589,565,24391.97455295223,0.16963119852769526,east,A,,3,1470,0,0.03805042568745551
27,35987.647066370104,797,37067.54526921823,9.742232813569727,north,C,10.750514956333472,1,1471,1,0.9300407209171989
37,30291.129496438807,741,32197.342421499092,1.4394875725515408,east,A,10.761658505675346,2,1472,0,0.05876625631633164
48,66241.18737934127,704,18589.397554039504,0.24074309727742352,south,A,,5,1473,0,0.0
32,44597.37703323613,773,9499.00453951853,2.6351652910731747,north,A,13.754272950663285,5,1474,0,0.0
52,16966.61826389502,458,42231.31339762381,3.622366960964007,west,B,11.585014823345213,3,1475,0,0.0
57,40650.787886079714,729,26751.972935588114,14.518282430799687,east,B,6.789888041992153,1,1476,0,0.020862494191619358
24,63720.67570727397,756,35261.34321410245,1.0806771158994872,east,A,12.806940769535009,2,1477,0,0.004703735877092244
63,38579.620501139354,584,43722.71150536155,22.936338261962195,east,A,9.318206841109966,5,1478,1,1.0
47,72466.15817200443,850,5797.507067835006,7.4599382385932405,north,B,,5,1479,0,0.09219023072621922
36,37150.069175576165,669,43672.337462421114,0.6060100452942202,south,A,7.4414920556494675,5,1480,0,0.01989262365033735
29,57551.120837246825,430,38830.786689054556,10.706558087264156,east,A,11.052404036247792,5,1481,0,0.0
54,65549.57876886518,688,47606.97874939087,4.210326817556687,south,A,8.697251419864896,4,1482,0,0.02305345137777777
31,56752.9095846715,578,15511.586237095267,19.375220681766844,west,A,10.200339275986947,4,1483,0,0.09725696233686881
47,29382.590380384543,766,19509.005173906284,0.7683752601227745,south,C,9.431801989278433,4,1484,0,0.03281701319144791
31,35862.971346176535,704,34766.543417563385,14.557372193185266,south,C,13.850025603471703,4,1485,0,0.047284680452999495
41,67551.06485579873,590,46660.6844897555,0.4499151916551114,south,B,13.964520600291179,2,1486,0,0.0
53,37930.82815502034,800,49670.12126522258,2.289185988447411,north,A,10.093026340429482,4,1487,1,1.0
36,64635.14770853307,743,23753.194276355647,1.1817839046111223,west,C,10.12795542273771,2,1488,0,0.0
63,43545.72917277584,567,29265.335407433475,17.031620848194333,north,A,9.25311406730097,4,1489,1,0.9659937568963791
48,52121.55978828727,634,12674.79534261792,5.096154998279165,south,C,12.212012583005572,2,1490,0,0.0
32,29208.390844685728,701,36228.89152573692,4.3181634385542536,west,A,,3,1491,0,0.005431699064857441
29,40875.986379312526,613,42681.66903018115,1.634788482483363,west,A,9.157325450708601,1,1492,1,0.9687804049004014
34,36870.40429340417,616,40939.219059998904,0.30328226460343355,north,A,11.957185727329929,5,1493,0,0.009423188010436422
41,53383.9947583726,653,20562.937014024646,7.3508559884747715,south,C,8.923401809366702,4,1494,0,0.0
65,51397.96369573824,543,48346.88070712728,6.073086786328304,east,A,9.924489931102938,1,1495,0,0.03512194372580585
65,56939.74844368451,426,10415.59641671141,30.0,east,A,6.837378436978014,3,1496,0,0.011378742041028657
36,42642.16245360991,673,27228.65067932719,2.7567019920093427,south,A,11.408380690246334,3,1497,1,1.0
36,36046.548930581324,451,29956.870858689737,7.070271295449377,east,C,13.881733878363738,5,1498,0,0.04896939843433314
51,52740.936283164614,550,29143.12356741446,2.6529866888071734,west,B,11.442450745599583,4,1499,0,0.027747792991960646
51,34556.16645489448,472,39105.085085552484,4.942191661999531,west,C,12.92359833509461,5,1500,0,0.0
60,66176.33789633882,485,32432.325461476325,6.295108566263583,west,A,8.307795727645338,3,1501,0,0.0
60,48282.16420116331,692,8470.82449823786,5.16276195320956,west,B,10.472648564056401,1,1502,1,1.0
33,45107.97335442566,627,13093.32440465358,7.633807230117954,west,A,,4,1503,0,0.0
28,56932.63434125317,624,28950.755929479663,15.361516862507866,east,A,9.544468908837315,2,1504,0,0.0
49,48854.53250852425,518,36254.64204785385,3.416002905399104,west,B,,4,1505,1,1.0
44,25129.22424747205,584,28137.85394947602,1.1406284418986978,south,A,10.203641226206598,3,1506,0,0.0666514511895606
26,34078.5515091585,687,20997.850254820914,4.645164372279094,east,A,7.174717954797557,2,1507,0,0.09211614007251111
28,65865.63055796923,644,7301.055278563903,6.347191107328857,west,A,7.369941788924493,1,1508,0,0.0
48,51258.26521766874,732,40364.640470080005,1.7031192532960577,north,B,7.2376721370184525,5,1509,0,0.0
40,24776.48296454838,746,27373.74079541399,2.9694744536525035,west,B,10.98290517987918,4,1510,0,0.016285858459341242
48,55281.68100072749,624,29245.51087461917,7.4352230953497,west,A,,2,1511,0,0.012121387701894717
31,41611.11770195377,464,26103.116312056227,5.189454527971366,west,C,12.724916488000426,4,1512,0,0.0
49,36882.50071236827,574,16940.5437085586,7.287319446346589,west,A,6.208029601707871,5,1513,0,0.0
45,32826.90911549231,640,17436.805913482167,0.6734668567205242,north,A,,4,1514,0,0.02987704728733781
50,64998.942069780314,572,7857.535426249578,5.255126655704255,south,A,,5,1515,1,0.9384924138910538
36,20517.524419919748,544,36841.95572908697,5.490470731943666,north,A,6.909400108942485,3,1516,0,0.0
34,37437.01888340765,656,17234.279291008486,8.408828897021964,east,A,,2,1517,0,0.0
29,51801.901488668635,850,18435.260667842496,2.805791744009891,south,B,12.19104482299162,5,1518,1,0.9893869875498291
38,73675.44603355245,601,49707.505445127805,2.2956561717115243,south,B,,4,1519,0,0.034698575288773265
56,58307.872945254785,649,22361.565012088948,6.513835356781167,east,A,,4,1520,0,0.0
61,37309.63076700796,518,27981.374348930396,7.409875344346261,west,B,11.221484311592388,4,1521,0,0.002765841301225225
31,72940.30181160223,774,22391.28953425317,11.615508850376767,north,C,,5,1522,0,0.11230889151199792
41,29673.149004425413,737,18058.600095996895,6.757748006694024,west,A,,4,1523,1,0.9521844858660626
65,53980.04248032732,730,5263.283221104443,5.780779374203821,south,A,12.275913538800097,5,1524,0,0.0
65,57316.76968628322,785,43469.88564988647,1.5869094141685172,west,A,10.03678843114264,1,1525,0,0.03390444371454567
38,36783.26625199338,607,26291.91539480277,1.1065344041429328,east,A,9.002124900076108,4,1526,0,0.04940215955663802
58,60463.89577832381,619,37395.063666923765,7.306042865021453,south,A,,2,1527,0,0.02074004368229974
54,42291.64806588561,820,48139.55112333067,8.830342365245448,north,A,11.949503630173163,1,1528,0,0.09044837843826672
53,60427.13641276947,713,5127.410297918179,0.30534130027309686,north,A,12.6200793857339,2,1529,0,0.015872796743599465
27,22406.06761120687,428,35376.78230799157,1.3609060681098146,east,A,11.748684856892774,5,1530,0,0.0
35,55024.641353433115,695,10338.831681527241,4.061641346272856,south,A,12.162749587874293,5,1531,0,0.004849784372367948
39,43818.39990959592,591,25608.42759571347,5.455549366472104,north,A,11.465817114875069,2,1532,0,0.0
39,67245.55674451732,739,43105.193640115205,0.8739599320173823,north,A,10.531057298232945,1,1533,0,0.06919058744278046
41,49340.28905343574,690,8217.313204301072,10.559245256721898,west,B,10.179017999527629,3,1534,0,0.048231203210751354
65,68738.44300580179,475,49532.606819538545,10.399311271205047,south,A,9.525480561805196,2,1535,0,0.0
38,57614.19147549578,676,31137.61226532634,3.135290561292458,south,A,7.575263413880549,3,1536,0,0.0675159031793771
46,48087.37311427764,671,22774.705651271983,11.274465765788598,south,A,8.089376982360383,4,1537,0,0.04696838843993732
45,61815.03964421443,686,5877.961940093195,4.749124237916243,east,A,9.435971036129581,2,1538,0,0.0
41,61910.87696790683,707,31407.038517262332,2.293856814589911,south,A,10.48290431920486,1,1539,1,0.9960779052817137
31,57078.6500673682,799,27270.070880337742,0.5402974465586077,east,A,12.881625196008526,1,1540,0,0.06960885205682603
42,15615.479380622251,691,14689.265097761998,2.7014440705719562,south,A,9.916405544248976,4,1541,1,0.9014244042112524
26,35261.592638534035,652,27070.13901143753,3.7604665913946764,south,A,12.006952581755328,1,1542,0,0.022269900251984782
47,70761.58769758885,764,5575.5168810343885,4.648267131122083,west,A,12.158631312864241,2,1543,0,0.05467048175625166
25,31160.812168471013,850,49976.492631295725,9.241422169570034,south,B,9.537106404622419,5,1544,0,0.0
46,63236.9172509871,741,19945.14985245328,1.585222561347872,west,A,,1,1545,0,0.03239549065708949
35,60596.78985169503,670,26609.99666275354,1.0984401607933094,west,A,9.512943916550277,4,1546,0,0.005157726827891175
32,39113.71457626956,693,40315.0175622683,3.542355773861689,east,A,12.644271788156953,1,1547,0,0.0
51,20071.52559324913,675,37075.025461703786,2.968152812533041,east,A,11.271686676531864,5,1548,0,0.0
37,41466.3110307811,651,44985.15683159455,1.8132001283532664,west,A,7.619032490623289,4,1549,0,0.03559646336895555
42,81170.22565449517,850,47359.6581589948,4.853020690258048,north,A,10.323049304307693,5,1550,0,0.0
28,37050.840616859685,575,13513.00239348649,1.3231368504036198,south,A,13.29622432364776,4,1551,0,0.0
62,38086.13983101094,765,22567.993080159857,11.115267482477798,east,C,9.637537930906598,3,1552,0,0.006119934586074966
43,35036.2638453526,637,35906.764638307606,6.720029946786781,north,A,,5,1553,0,0.0
43,68221.7671482428,501,7026.092394368659,4.339475926766777,north,A,11.091757675478291,4,1554,0,0.0
58,46356.26432562341,631,37262.5207780684,0.025003184351299515,north,A,7.926754201670799,1,1555,0,0.0035873716533943536
48,40611.40656576292,595,5219.754800056148,5.449707399589013,south,A,11.021415898427028,3,1556,0,0.038363837004349796
23,71202.11025793027,707,46133.98143203902,8.159523423233622,east,A,7.212329695930748,3,1557,1,1.0
65,58692.41131903305,659,37317.62523837213,7.315247339966284,south,A,,2,1558,0,0.0
38,36210.646374346106,547,30447.462760924223,2.046939329238504,north,B,12.151445934988384,3,1559,0,0.024090178120177594
63,31646.241334073296,797,24300.543753555132,2.3426385948241983,south,C,10.713512580616715,5,1560,1,1.0
37,67372.5494731996,759,49461.11458458851,4.8737767215209775,west,B,9.391044384506946,1,1561,1,1.0
35,50251.82245612574,808,38143.028001176244,2.9720546194213164,north,A,,5,1562,0,0.07209220151328419
47,26764.03970215831,673,41328.183088125144,7.21558895044547,west,A,9.879815504489738,4,1563,1,0.9497320804900654
65,23253.264696596765,646,42142.32456056589,12.349765292148057,south,A,10.025157004703667,1,1564,1,1.0
58,33259.41927200362,720,5984.371997951074,5.700811386818953,north,B,11.313637053440274,2,1565,0,0.012826196032879876
48,31407.731178454553,592,7460.797327801692,2.2849544306325202,north,A,8.545264518681737,5,1566,0,0.0
46,19308.845436478456,663,13926.424357405249,1.2224585599672158,north,A,,4,1567,0,0.014189760591098522
42,33507.39520027256,632,34484.79182391793,1.2506288166283985,south,A,9.375463610786694,1,1568,0,0.09593383489535456
62,36213.7915753422,503,33077.71382897362,3.72942312531757,south,A,6.828793250799489,1,1569,0,0.05979321053595857
52,43059.78067423144,662,19632.359966160955,20.29998375172492,east,A,8.1590884875014,5,1570,0,0.0
29,75393.65067691568,605,48784.94434285069,0.7903053685541459,north,A,,1,1571,0,0.000685860844246911
32,45997.350918525895,625,9189.798895765616,3.653368974006254,east,A,10.769446629170469,4,1572,0,0.024583721515342334
49,47486.37743383678,686,39952.40552472093,1.6988692124219298,east,A,7.352823397197222,5,1573,0,0.0
31,57638.830456984135,777,26639.470385835957,7.110919661389584,north,A,6.919291248303178,1,1574,1,0.9152281118155207
43,46440.2289340016,565,23847.538998763765,8.27472013759686,east,A,9.775672199778832,1,1575,0,0.0077313922054330665
53,56002.294458300625,616,6150.424693770431,0.03264358497248602,north,B,,5,1576,0,0.00838375249670093
47,54209.223154276,573,37750.98387290994,14.014200793320335,south,A,9.626483730391294,5,1577,0,0.0
30,51838.828483988655,566,39720.897984513846,4.11548501003484,east,A,12.613999106808032,3,1578,1,1.0
32,91496.99126628437,590,19353.087355490556,10.635279400887498,west,A,10.703861541637314,2,1579,1,1.0
47,63666.88766066528,630,28263.329176813055,0.8944497084398655,east,A,,1,1580,1,0.9890849165572744
65,33774.17022939904,708,32289.895545568805,15.018933469966077,south,A,7.328558981390861,5,1581,1,1.0
40,55553.33279283746,682,21544.035928862893,4.59762255600466,west,A,11.875045843499516,4,1582,0,0.028570585834212344
53,38123.9479001042,544,32701.190277171274,0.8030897969135841,north,A,,5,1583,0,0.02195146381470276
47,56693.761460897804,779,24535.717673753647,3.6395220753804125,north,A,11.726184907221816,4,1584,0,0.0
35,29372.18874337595,744,44513.14349729308,21.329080624245822,south,A,,3,1585,0,0.0
54,33383.30827874032,559,37333.095201077645,2.9441434070709227,north,B,,3,1586,1,0.9802073281905695
27,55158.6134373519,772,9972.499241460566,0.6241792357330677,north,A,10.704005907875263,2,1587,0,0.0
52,64965.03670397038,682,40982.14326464357,23.47060134002171,south,A,9.691933366848266,4,1588,0,0.0733484248988567
48,57539.6652312952,634,20187.7534127754,17.38866513600021,north,B,10.809090386172313,1,1589,0,0.03172379691336915
36,62811.760018028275,685,47100.57899144039,5.073823375803189,east,B,,1,1590,0,0.0
31,55607.27838145769,647,32151.707590012404,4.088700755609922,east,A,8.701880493917441,5,1591,0,0.0
36,52587.441485484975,704,6241.008228835839,5.606718976529571,south,A,13.21096676558793,2,1592,0,0.05651960685251642
34,42444.600886123444,668,38046.321729547686,3.184156830033899,south,A,12.097905732722884,1,1593,1,0.9676880304305826
38,62195.02713075196,616,10883.046603697088,5.035453878303914,north,B,8.478270509903647,4,1594,0,0.04257919271721288
37,65373.18849239962,447,44477.03673307754,15.749417446676153,south,A,11.136888611189226,2,1595,1,1.0
36,49053.264630053374,702,47674.8638400831,5.599983265808072,north,B,8.514642290597694,2,1596,0,0.060807048232328326
27,48246.10937332013,612,36286.51338632038,1.7240503093972777,south,A,,3,1597,0,0.009020207229191458
30,73871.08717583356,727,28979.274952217474,0.0802989053790699,east,A,12.067618882797952,3,1598,0,0.06255124986576448
56,49693.67330275666,698,32092.835352484104,4.678540806646416,west,B,,4,1599,1,0.9738880991707345
36,51135.28805548954,615,24298.482703816953,6.941743988966137,south,A,11.853711827153083,5,1600,0,0.12429406689730481
39,57263.38861629343,752,8761.225190656556,14.720096211151784,south,A,,5,1601,1,1.0
37,48532.90616068769,670,46797.95744754424,2.6125432214359514,east,A,9.576906793838942,5,1602,0,0.05733970810549478
63,37694.89515885357,666,19813.3940639499,6.112292239580344,west,A,10.819502439246579,3,1603,0,0.0
34,55669.483632852825,636,19078.149816518133,2.180565133014743,south,A,11.162397623988504,3,1604,1,1.0
33,49418.67484966518,818,13609.614912477062,4.604564623590003,west,A,8.347313646342183,1,1605,0,0.027173174033068744
48,77633.74634711744,578,49658.3711975508,9.08031882243719,south,A,11.435451217500127,3,1606,0,0.0
44,61826.72825438564,617,47415.39967761312,7.2529812130617675,east,A,,4,1607,1,0.952077831504412
48,41067.76570335498,526,20724.456643419107,3.6694473393976135,north,C,7.487890414263924,5,1608,0,0.0
47,60935.90328785563,722,16700.242142520918,5.746994235461409,south,A,9.660251032840522,1,1609,0,0.05526662719229955
54,54617.9875209647,591,41241.6288357062,5.860760910435098,west,A,,5,1610,0,0.0
30,69641.3945291827,602,24017.452258826277,1.9028627703855445,south,A,13.353189596491394,3,1611,0,0.0
47,42133.18680756441,598,48550.46225396642,1.67614139746897,north,A,11.434696915217355,1,1612,0,0.06549363114330915
33,52830.14222539287,656,45554.75283242008,8.031584470223702,west,B,,5,1613,0,0.0
26,48513.59526361262,524,39175.310401708666,11.336234794223383,north,B,10.981213804911777,3,1614,0,0.06269503316278749
47,50877.19134587449,425,9046.59305514651,7.182845112621637,north,B,,3,1615,1,0.9436103511716164
47,36722.01576494076,695,36595.74814499752,25.43121512151675,west,C,,1,1616,0,0.0
41,58638.67501869765,438,49426.447408739405,8.278709928123343,south,A,11.569908577375836,1,1617,0,0.0
54,56269.464137742456,735,21798.163984269504,1.5728439748236007,north,A,10.726526158495062,1,1618,0,0.0936729534190468
33,69278.35425382692,805,44670.605137219136,17.089603147048717,west,A,9.855175322338912,2,1619,1,0.9679996401793842
50,49849.61222019829,633,23366.382770578697,8.019665570466914,south,C,8.783265008191963,2,1620,0,0.0
40,43822.40737627797,779,48709.58003192218,1.7005303026328074,east,A,6.204128962997007,3,1621,0,0.0
40,61839.41566916055,647,34411.61172144006,3.2634665237562235,south,A,10.679283533426702,4,1622,0,0.04659740951362554
26,38086.93427600474,809,9342.521731120674,2.2413138407031914,east,B,10.372105687304376,5,1623,1,0.9322629857453859
55,66274.76802625938,604,26557.058245758042,0.41027038326438436,east,A,11.115151685649632,4,1624,0,0.05939822877405833
46,66242.62996120554,413,7237.7939028973,18.880782478134027,west,C,7.324912613414211,3,1625,0,0.003489541055030275
49,68859.18351701612,642,22778.407565874866,1.6220528703903998,south,B,11.29003337863012,5,1626,0,0.0
32,55649.3447701924,820,46192.154636348656,4.074529950919067,east,B,14.109090189241554,3,1627,0,0.014865212297972885
44,42702.55426103351,703,15449.098751661311,0.48092474446910316,west,A,,3,1628,0,0.0
39,51637.81589458044,598,47775.550013677566,3.312339137125603,west,A,9.876669361586918,2,1629,0,0.006893596074759602
47,55701.03342618809,682,9496.53700858132,4.845716148670074,east,B,10.618004712171402,3,1630,0,0.0
44,41597.87532218186,747,34916.51961833771,6.538013050902185,south,A,14.064674049420676,1,1631,0,0.06744454648270325
65,69996.74433387823,641,48455.850026772554,10.734653106814413,east,A,7.952704476600218,1,1632,1,0.9486352385044665
60,58701.26251352814,850,34436.91081799629,0.5780513770289261,west,C,10.40641386678781,5,1633,0,0.02194403174618481
38,36616.65567016993,598,45455.17791898774,0.09221435242014236,north,C,,1,1634,0,0.0
47,78243.10514698665,750,49596.3713590609,4.54915335028214,east,C,8.90599055831001,3,1635,1,0.9733397706754295
37,51460.83912755265,726,33882.95462191089,2.6899466945069417,west,A,9.90081938423612,1,1636,0,0.0
54,33588.4543572502,580,40201.87312807732,17.363192054379457,south,A,,4,1637,0,0.1490673990460675
40,37546.18815879089,607,6439.333720088169,6.731179137569663,west,C,,5,1638,1,0.9992776956632391
36,72316.75395748016,751,24228.967033356985,1.3812202005776673,south,A,,3,1639,0,0.0
44,77374.77374325233,664,17971.940907721044,1.2443795370064772,west,A,9.24681055395303,1,1640,0,0.0
58,65142.27580221377,683,42088.34002987205,12.54777326281243,east,A,14.985477733277037,1,1641,0,0.0
55,69789.62972880703,486,35491.01056615876,0.4086140924191584,north,B,9.14489103734096,4,1642,0,0.0
37,68249.23188197917,715,32648.640007108508,8.001604282124267,west,A,,1,1643,0,0.09255433322044339
65,58353.74229146099,678,46920.14095185129,16.92196328672853,east,A,6.450113910842546,2,1644,0,0.016801976549001323
33,54935.62681716389,643,8999.051228664905,2.5309385722399913,north,A,12.792183138489488,5,1645,0,0.04517004748634271
35,58097.94791714912,686,47922.85724965577,8.94211755358739,east,A,11.936491184742588,3,1646,0,0.0
53,61040.23164714942,609,9534.411822614948,14.220950879870692,east,B,14.835611072232892,5,1647,0,0.0
26,38876.02990210403,590,20615.78960971329,9.10977107722502,west,A,,5,1648,0,0.010195131762808464
42,60979.38093968165,625,33362.31491587321,4.372056779018545,south,A,12.916341614958219,4,1649,1,0.9637346584786874
38,71879.25270945526,603,20366.429174036428,5.509431405116259,south,A,10.140271036732255,5,1650,1,1.0
65,46904.41357506454,850,35714.13252324645,9.806055699548313,north,A,,1,1651,0,0.030771420759438325
31,45301.28322017305,741,39893.83786380049,10.4334842659375,west,A,6.704445717791058,2,1652,0,0.027142402541827
32,57148.19463857999,553,42282.762347360265,4.905236290838199,west,C,,2,1653,0,0.0
65,40255.136743877956,850,13070.466540679994,0.9217629633418616,east,A,,5,1654,0,0.05454556503262804
38,30247.720750587407,606,13193.451328498097,24.16294579887812,south,A,9.922179930427564,4,1655,1,0.9871191280740761
57,67215.78560157766,652,7354.1312568009325,1.5962429218144993,west,A,11.290225375322242,2,1656,0,0.0
37,43235.7310996485,739,27088.33275080718,0.9598629506970087,south,C,8.469009397915501,2,1657,0,0.07207695035502296
35,50276.72868080314,453,11189.01284806928,5.080689535561745,east,B,8.841119828836602,5,1658,1,0.9446516850149711
58,40848.12438487902,626,19336.86461242001,0.3298344737138952,east,A,9.073110772749207,5,1659,0,0.0
65,69151.32222369498,592,42819.54436774837,3.9856017913425195,west,A,,1,1660,0,0.0
60,62797.64237426022,670,47689.65242229576,8.174848607851684,west,A,11.723516988406734,2,1661,0,0.019362096333901988
36,46388.90688269449,687,41993.41763061552,5.695088968690072,south,B,12.383187228365133,3,1662,0,0.0641795507232594
41,32301.539528558722,642,5029.1772423104985,20.13938454794387,north,C,8.597311700472316,2,1663,0,0.0
33,44796.05292712699,637,30561.09086024474,12.927009659094002,north,B,10.696406031889637,4,1664,0,0.09074187601452101
34,58552.290499245704,756,12499.705830512205,10.918543199373655,east,B,9.468919050741528,4,1665,1,1.0
33,52829.53556119648,680,21908.611004304097,10.363061075538988,south,A,,5,1666,1,0.9942235226400905
37,51636.4706667798,654,24256.352486532895,6.443203730774366,north,A,,4,1667,1,0.957503092959022
43,53175.48139204718,664,47432.334101541695,1.788259200996943,west,A,8.233149687824728,5,1668,0,0.09756775843178167
42,61381.9434724724,833,33518.24293507809,0.24185368163647913,east,B,12.104149772047485,2,1669,0,0.0
51,49372.11193902433,667,17044.47733910791,26.37337510849372,north,A,,2,1670,1,0.9334005986904144
44,56750.20175689254,598,33925.76782850477,5.459074191031939,east,A,,2,1671,0,0.12288343344152303
49,35196.211883823526,459,47833.94648992652,7.3361255094517155,east,A,10.09261992958828,5,1672,0,0.019683504692617357
52,88307.76165462988,506,7662.1605841439,12.881972088229247,west,A,,4,1673,0,0.039941522530214026
36,45742.11021025618,603,41719.44505291809,8.961624159417974,west,B,,2,1674,0,0.08407801104203616
40,53053.89511825966,639,14760.390007136262,7.498168837471052,west,A,11.26160032829204,4,1675,0,0.030723129122722057
65,58496.98287179317,594,11889.857842878064,0.37685765008580485,west,B,11.453745727392848,2,1676,1,1.0
36,43838.14231399189,685,45449.01134030526,3.356675703109447,west,A,12.381201357735836,2,1677,0,0.0027162536164027458
50,50117.37191374195,593,5083.225564905378,3.820798776184934,east,A,8.694407412308411,1,1678,0,0.03668661437176113
30,49935.12911985163,558,38348.858316780155,10.700108793566717,east,C,9.745493382029425,5,1679,1,0.9982921092721687
52,36289.428611399344,711,8925.278445022463,0.0035714039030319195,west,B,9.657100337024414,2,1680,0,0.0
34,56578.84138309458,786,32809.788276827734,2.3455595770637627,west,B,7.418506926168764,4,1681,0,0.005985837826697331
42,25261.672426119036,539,32940.36056257557,5.918783900690027,north,A,9.472819699683512,1,1682,1,0.9801592426976908
29,76290.62663624922,674,43824.92222711577,5.704722840461409,north,A,12.672758915753649,1,1683,0,0.025218891766795933
41,61894.56327467589,459,42017.292375329685,0.8348852040526297,south,B,10.474676207587693,4,1684,0,0.025092258760755333
41,59586.835364800645,502,35832.39543887171,0.8908954346336391,south,B,7.3078773443100244,1,1685,0,0.0409458299947295
39,23950.36831350137,591,22124.64156894194,3.224517948162612,east,B,,1,1686,0,0.03198032575177362
47,38112.06990060469,763,12488.258617140658,7.111209964718947,south,B,13.329552117496544,2,1687,0,0.1000021525808013
57,70840.1768120758,572,33605.73167446781,12.522183503364552,west,A,9.81936197948974,3,1688,0,0.05263148698182836
32,112268.62095559401,568,27363.640941856065,0.8630711231634411,west,A,8.705179588596765,1,1689,0,0.0
40,67920.38697585546,653,8507.401802662436,0.25251897744784596,south,C,9.452016470205994,1,1690,0,0.022653575191295666
29,65554.15115376427,653,48000.28507109837,12.589756735973978,west,A,7.045384491365336,2,1691,0,0.07063490570800078
27,57874.61342171282,571,19148.878396031552,3.019176682901839,north,B,12.84619029902324,4,1692,1,0.9525013405492234
43,37287.54206434744,848,5096.334424653739,29.4205551151894,west,A,9.213894124827942,1,1693,0,0.10071208965580856
32,64927.611248004956,623,45576.063672684875,8.85443758944802,east,C,12.734803055476844,2,1694,0,0.0
41,33481.88994354606,661,30967.289594179987,11.219075718271645,east,B,10.10330342889463,1,1695,0,0.04501376966188872
44,31841.222522902197,609,37987.73030976429,4.513535301569773,south,A,12.85906394913688,2,1696,0,0.0003300220112245275
28,30897.06011842265,693,11869.980813292315,0.2776999471233369,north,B,,2,1697,0,0.0
46,64635.839697523894,773,23207.255331171884,0.7732613102633885,west,A,,4,1698,0,0.0
56,49138.78917608747,816,34027.75534161859,5.730477399794066,north,A,11.438186092176673,1,1699,1,1.0
49,51512.871498565706,573,16293.411867342962,6.482329446906947,south,B,11.246582132503942,5,1700,0,0.0
32,49768.94094423973,760,36567.4525332871,0.9772839414242265,north,A,10.695868954365421,2,1701,1,0.9278614883569141
41,33114.25188202663,704,15512.671520324408,0.4750026802903047,west,A,,5,1702,1,1.0
42,39939.03640973894,747,14410.752221294275,0.889662130355884,east,A,13.830869383145721,4,1703,0,0.08948027978965395
40,40693.60690619821,640,5523.109261717228,1.3885779416158859,east,C,8.186126029808198,2,1704,0,0.0
30,28920.928291619588,631,17685.803540898803,30.0,south,A,10.00861528468632,2,1705,0,0.05015546118276179
34,42436.84857049473,743,16103.155641341826,6.05442000808975,west,B,,5,1706,1,1.0
39,33780.40315405642,745,39396.04505061567,8.806140920392885,north,A,10.804881506687043,5,1707,0,0.0
44,58665.13443300489,806,30636.945777556433,9.259750586391164,east,A,,4,1708,0,0.06679084408021123
36,59914.56595950236,669,13002.101767942542,12.7820250512471,west,B,10.629492611179176,1,1709,1,0.9918188909861718
24,30595.413160401655,639,30565.736192697674,4.261743046778324,south,A,,5,1710,0,0.025876707265951256
26,45550.52353627999,404,15144.961575864692,2.365836059941418,east,B,,3,1711,0,0.0
36,77840.89821975055,488,24147.60260243879,8.904700828317592,south,B,,1,1712,0,0.0
65,35288.556534825606,610,44969.36277737959,17.76114623961919,west,C,7.798869333939697,5,1713,1,1.0
46,56399.56726692599,539,37366.52987824222,9.46350802739782,west,B,6.531228475102198,1,1714,1,1.0
43,51582.829010043264,731,34299.50075155504,1.5691868420875181,south,A,10.27374664137877,2,1715,0,0.0
33,66393.3133676136,518,17666.755219496248,1.9839534323534482,north,B,10.975766684039133,1,1716,0,0.09539226004822376
37,54432.00262036109,599,10606.174920346028,1.9133984680638947,north,A,11.053396084209153,3,1717,0,0.09486578359160364
26,43530.56783114375,603,38882.704293497045,7.6752074862101685,east,A,11.134341414039389,5,1718,0,0.02195839998800668
33,51001.461822093275,770,30555.067304650544,4.816049705826627,west,A,6.1348219581187795,1,1719,0,0.0
45,51220.549159306036,589,33024.207642090674,17.498748314264798,north,B,7.277966144185061,1,1720,1,0.9944200505999832
43,48624.57226575764,695,48880.09937206179,1.7673926382150151,west,A,13.947042873627343,5,1721,0,0.0
35,30213.328170139735,669,20674.441407524202,20.918435295159625,west,A,7.905582479845927,1,1722,0,0.0044756795406479845
40,68646.32911396839,740,41033.638814186925,1.233198074458568,south,A,11.221682062273379,1,1723,0,0.0
42,65996.50381796487,735,30153.057839250345,0.00464375683312053,north,A,,3,1724,0,0.0
35,34337.164596952134,646,15586.69756671241,9.857102838606224,east,B,10.15934547853513,2,1725,0,0.0
47,45489.1155172437,480,7379.974939396627,11.710202051450105,east,A,,5,1726,0,0.008362865675048499
43,46623.71495968676,626,32720.49013950323,4.619602807112081,west,B,,1,1727,0,0.0
37,32652.217992506266,648,18392.7261369908,1.9692380004986327,east,B,10.273548234633399,3,1728,1,0.9839879670624446
30,21998.05598356599,678,36296.52559163936,0.18328635165223964,north,A,9.103420452711532,5,1729,0,0.034719848663214724
36,39941.11022131496,576,36532.72227822809,8.54250056899583,north,A,7.899655760638579,4,1730,0,0.0
36,44653.96489623212,764,25495.721051869743,1.5038251982126982,south,A,,1,1731,1,0.9457585743500264
35,28381.499999539716,651,29137.870257781906,2.866719228957997,south,A,7.57456240191482,1,1732,0,0.0
28,52654.666461282184,557,33194.60859505585,7.348904829195483,south,A,10.854962084241677,1,1733,0,0.0
61,67442.8445497451,604,26087.222471003355,1.2578080804299425,west,A,15.252969818073801,5,1734,0,0.009282896149618528
60,62631.74219247902,842,44481.67726770824,0.09658265668250346,south,B,12.700340102524024,2,1735,1,0.9483585067244115
39,48099.71520261922,716,8417.055886239265,1.1931520670745206,east,A,,1,1736,0,0.0
44,22393.82455218205,754,49091.81717438444,9.395574646727681,south,A,9.828785404517705,2,1737,1,0.982678963908002
46,60735.53510988571,545,6505.291013372657,2.8794255275989737,west,A,6.122494745992949,2,1738,0,0.0
40,52195.88253596837,581,14364.336015337289,11.35045129069983,west,B,7.3554272081996315,1,1739,0,0.08175757970085927
45,56365.2666382703,581,36873.853459446225,0.7622879012652216,west,A,12.565585712205428,3,1740,0,0.009990543745857998
48,79041.54200453771,668,8823.21167037249,4.876903430597725,west,B,8.42048783975044,5,1741,0,0.025222206112951312
43,37627.825557040196,632,16797.773891762336,1.1010174257763556,east,A,8.601495803671906,2,1742,0,0.0
51,6877.761003169362,601,11928.950557199481,2.03372720627609,east,C,9.668699048631957,5,1743,0,0.01116282094466731
34,34198.181332853645,613,37560.72037172958,1.4311135648115259,east,A,,4,1744,1,0.9862598279896033
41,57290.67602401732,570,31052.002608956525,8.477095609782788,north,A,,2,1745,0,0.001482802035417851
65,50403.88852622061,632,7901.537530642822,14.074254335070213,west,A,9.899051854437156,4,1746,0,0.03244727854327722
54,31765.458056019776,761,25706.040593072317,2.115313171469085,west,A,8.216941090655927,2,1747,0,0.0
43,28704.23925235354,498,14382.631760722048,20.754103047144795,east,B,8.51796284044221,2,1748,0,0.0
32,44680.86476273907,684,48546.43690920808,0.21485515842661126,west,A,8.437617947705988,2,1749,0,0.0
41,31308.579951772917,788,9856.307628907336,22.882104635010695,south,A,11.044720427668937,1,1750,0,0.0
53,57809.50127381788,631,31912.482891381584,12.663603311562266,north,A,9.535748619009285,4,1751,0,0.008661761528680737
50,43828.59667060596,597,26683.125613106815,5.2060032393173685,west,A,9.642856064212292,1,1752,0,0.0
27,40593.231735024325,742,31013.802364927138,12.959481998114375,east,B,11.193891794617766,1,1753,1,1.0
28,38625.8539561549,551,48042.178281776614,3.2788633078867475,west,A,9.71592078353412,1,1754,1,1.0
28,53946.84089870891,647,20357.684501741875,4.4963721222591495,north,B,9.443492463085654,1,1755,0,0.0
47,50639.13835640054,546,38694.48679449854,14.47661371516473,south,B,10.940900711140342,5,1756,0,0.014700142910234706
28,53029.35904793891,462,25135.99147289811,0.6997007270866276,east,A,11.336395687115262,1,1757,0,0.05190037880276186
32,52701.941657087176,634,34734.2726626491,13.206765483861805,north,A,9.705853000982792,4,1758,1,0.9867125468988011
39,48917.066951049404,523,21454.58958370599,2.383221141447612,west,A,10.161215551241042,2,1759,1,0.9502804430347134
56,34503.04124812864,648,15220.499236354204,4.501719434907907,east,A,,1,1760,1,1.0
47,39044.29809903107,761,8762.736171988285,2.0851074219820296,north,B,8.27863391367095,2,1761,0,0.034307864690260134
38,44079.87642291595,835,9578.8063094395,11.0787089706477,east,A,11.538295003933616,1,1762,0,0.015934522648652895
51,80977.92857132482,659,48174.36434435825,6.779332166431002,west,A,,2,1763,0,0.0725261200065469
65,29767.455193747828,751,40480.54788536577,3.7981088540993264,south,B,10.910596876833152,5,1764,0,0.03851165869118676
41,43715.352450246646,689,16023.166248695326,16.074262855899573,east,A,10.561708697451044,4,1765,0,0.0
30,51474.00590165733,611,28811.62565768583,6.11790277095278,east,B,10.092406551629907,5,1766,0,0.0
32,45450.008700912615,457,37140.472595753025,7.4957689212396446,north,A,11.39282378164554,4,1767,1,0.9753334127787843
32,66109.54312156606,812,20864.20559011217,16.13997026644546,east,A,11.870217522045568,5,1768,0,0.0602411602669257
34,45372.531042457005,545,24799.4626171903,9.43704871292168,east,A,,1,1769,0,0.03410428274049745
37,46481.87901274086,788,37327.18638077179,15.85343601867277,south,A,9.798444168108027,1,1770,1,0.9906666690311163
44,62219.42770424476,703,15235.444163891018,0.6448054408783811,south,C,12.773985459817677,3,1771,0,0.0883281597247723
29,77160.67494377564,552,28685.496130999607,4.16426172475761,east,A,10.456921363464643,3,1772,0,0.0
30,71112.47560922492,681,14453.967725880453,6.8220055959047,west,B,11.264752385131597,4,1773,0,0.0493758980365579
48,47950.191738362846,850,5138.49204569867,7.173203719124771,south,C,10.564175781669759,1,1774,1,1.0
36,49257.28682401395,803,36061.86810042518,3.263865125884095,north,A,,1,1775,0,0.09664765187113752
33,50700.78867176306,598,36826.918682955904,14.454987036743137,west,B,8.52849601949936,4,1776,0,0.03765227435306637
38,52204.99112693878,578,49807.52143686141,5.411761654719699,north,A,,3,1777,0,0.0023079740606530897
59,37289.77828478278,660,13145.694997765979,4.761579739030517,north,A,15.690588789815278,3,1778,0,0.0
50,64048.906982831584,633,38281.1146279583,9.749298323727178,south,C,,2,1779,0,0.0
49,53099.136915841795,769,47658.534096318705,0.9830973507171102,west,A,10.141989430849897,4,1780,0,0.0
65,49327.157167770296,723,34006.11515649976,1.6007391132602886,west,B,9.107589471305475,5,1781,0,0.0
45,30932.819351613907,480,48341.325221153835,3.3226510067643846,south,A,9.02396019687613,1,1782,0,0.01543676950545892
65,50934.29312735919,695,49749.84433750029,4.358436140912884,east,A,13.088898956237346,1,1783,0,0.0
65,21601.815451687922,632,41073.09807971926,7.2061514704149765,west,A,8.654057964545071,4,1784,0,0.0
29,41275.25983951652,653,49967.86589176444,6.815324434112261,east,A,9.051839053267278,5,1785,0,0.0
27,41553.534402812016,674,33162.10066884926,4.168214821182509,west,A,6.825014352537398,2,1786,1,1.0
32,54304.927896314286,769,27367.50616761548,3.330578993908942,north,B,,4,1787,0,0.00036880057924528766
57,78197.75037417944,747,46293.631446659856,1.427053196994322,north,A,6.583200214093305,5,1788,0,0.08691476759042249
39,58578.61198498156,575,42393.01286452933,4.231887972865769,north,C,11.263609398423858,1,1789,1,1.0
37,71726.0310895342,644,9955.043300468104,2.3133512388414963,west,A,15.599394443674619,1,1790,0,0.10539077891651456
52,59678.182596553655,605,18622.519105944422,1.2035891142957342,south,A,,1,1791,0,0.0
35,66875.80234531424,481,16729.03041934935,0.2606516894411983,south,A,6.666484134019525,4,1792,0,0.039186032156412254
43,77856.9102941466,639,43486.77467199689,5.276184030825808,east,A,11.799999328859467,4,1793,0,0.0
48,39022.44751546618,834,15496.040943806167,11.643604802139832,east,A,8.546150082139686,1,1794,0,0.0
32,38043.43348802745,478,18682.014761334278,9.966114615630083,north,A,12.59869386110708,1,1795,1,1.0
31,60032.16350715982,647,28345.489443308226,8.598855871287874,west,A,9.43594190442011,4,1796,0,0.0
41,49944.823189066316,644,8425.37690211922,4.949323481566455,south,A,8.736368621834439,5,1797,0,0.0
43,53305.30749210441,678,48255.333918706296,12.335295714152888,west,A,9.644084888508628,4,1798,0,0.0
50,46269.99661838959,553,27097.82494411576,0.8100179433786333,west,A,,1,1799,0,0.0
31,41056.11924462924,507,13569.517581315858,0.5578261386937365,east,A,,2,1800,0,0.0
34,74311.47003162539,512,17186.933202068365,0.5134760955475094,east,A,9.00655059441259,1,1801,0,0.0
65,33502.08329270128,783,40913.76861892227,3.491758328098866,west,B,9.602336794042257,2,1802,0,0.001764088242577517
54,60295.88388862317,551,33530.291608029,0.806285422232097,south,A,7.45628963099823,3,1803,0,0.0
39,57863.424285956746,600,25908.17109005279,4.350153209779047,south,A,,2,1804,0,0.059797611304056586
57,26314.80053644634,850,19922.061532460677,3.733343408517557,east,A,6.42654681231018,4,1805,0,0.0
31,37538.295050096094,576,45530.796335398736,6.037395423549889,north,A,,2,1806,0,0.0
38,40059.64158575199,684,39765.40431314808,5.092394931160724,west,C,11.518770417661486,3,1807,0,0.0
22,58468.761699748866,756,37315.04168074379,6.123809931994057,north,B,10.606096565865434,4,1808,0,0.04126751799506463
43,44494.473411041734,751,25070.022707775486,1.6706350644843226,west,B,11.18064114597278,1,1809,0,0.01757716374503539
37,48716.15290083792,516,49152.20678419155,2.5099026275078726,south,A,9.869908654562382,1,1810,0,0.0593436460630381
38,28135.289645229084,578,36953.163355383775,8.938245166822721,north,A,12.339492361971033,2,1811,0,0.0
50,84888.67575072972,680,24063.11262439965,5.371509968728322,east,A,11.849398393539584,1,1812,0,0.0
54,51067.93428109246,842,48224.84196791555,3.6995491405011176,south,B,,1,1813,0,0.020639549252659095
36,57485.01345945416,573,45307.624843895755,15.804217474605618,south,A,11.855091554627085,2,1814,0,0.051460093976390266
29,41890.617671521664,600,38298.433709495,1.0458733127154063,south,A,11.500847108807154,2,1815,1,1.0
28,40210.59009398223,691,39514.82547290368,15.969416599379896,east,A,9.12107297330622,2,1816,0,0.016090710673379697
26,78690.26982430297,711,24063.237486225724,0.0358295945758089,north,B,7.312202176617333,1,1817,0,0.011633125113389977
65,21249.175894900563,718,27830.77266335777,2.065840916878858,north,A,10.840724251685248,1,1818,0,0.0
50,54179.70602646165,565,13619.630256657932,0.5002489243415538,south,A,11.092178461662858,5,1819,0,0.020496508224096852
46,31827.4416333816,596,31792.831049023178,11.216663825577191,south,C,,4,1820,0,0.1017467222239604
35,43924.982684044924,671,21646.244676158243,1.0437184658094536,east,A,,3,1821,1,0.9878713309221561
35,40428.58298488968,776,20634.724650665892,0.3004890538775078,east,C,8.187137881445674,1,1822,0,0.0
55,35210.334748711284,626,47670.26905121297,16.36669623989296,east,A,10.919800532615541,2,1823,0,0.0
27,50531.62594559491,647,12415.254493279881,10.655212470677425,north,C,,5,1824,0,0.019468637906120714
37,11479.562790409014,547,42348.8112842096,7.695677530989048,west,C,,5,1825,0,0.0
57,45267.67277121954,836,17666.085695364236,5.71186481571015,east,A,,4,1826,0,0.0
37,48645.65036975037,665,6289.5033059011475,6.817531383676595,north,B,6.295154170022091,2,1827,0,0.04403234256249883
49,29610.851803909813,757,6820.838592297236,7.5718381377308415,west,A,8.109486896253248,3,1828,0,0.0
40,72698.28082174076,652,24312.98716636422,3.264327280570587,west,A,,1,1829,1,1.0
23,41083.12437804027,658,25450.740776681316,20.653521820430637,east,A,13.64975803561423,5,1830,0,0.10546677316532292
39,46437.73636302745,499,19411.300779995683,7.219853997306517,west,A,7.568687263056077,1,1831,0,0.01657999374893716
42,41116.71254127946,434,35095.082250396474,2.8488059829039996,west,A,9.341216925174612,4,1832,1,0.8880386689356452
39,48776.50819354121,775,26840.425032173738,7.144675102343159,west,A,,2,1833,0,0.0
30,69622.16140259075,657,8335.08798490206,20.403049482970196,west,C,13.562453855163136,3,1834,0,0.0
39,87095.23705885213,670,20663.2037710974,1.6060554369850926,north,B,9.014262104351197,5,1835,0,0.0
26,61184.58805550988,525,9588.323023245677,0.30247364962045575,north,A,9.046231953933443,2,1836,0,0.005169160290032036
36,66319.90650457656,559,7831.206225060889,5.725764651139342,east,A,,1,1837,0,0.0
50,75746.41222215623,756,14373.798124884896,1.474480557066947,east,A,9.250421694563483,4,1838,0,0.05830357664156499
64,53733.06615149685,824,36525.89575227052,8.967463021723797,east,A,,3,1839,0,0.0
61,73553.76310417804,587,36320.074057657745,9.473325960637107,north,C,7.045714069775145,1,1840,0,0.0
31,61886.01698585605,717,43762.510719660255,8.636399889496456,west,C,,1,1841,0,0.010862924363759342
28,52159.81038967358,669,39038.868162068284,1.694227429202466,south,A,6.680806323347191,3,1842,0,0.017056722175098234
43,55255.11551677202,637,29097.30592675157,11.905209067302295,east,A,7.889132438088591,4,1843,0,0.00734026292890021
41,22678.745549482635,835,19067.54396041674,12.988163988657243,east,A,11.678402710304526,1,1844,1,0.879436328832094
48,54381.78890669224,604,5261.517282548782,16.47754716857888,west,A,9.900189217826576,3,1845,0,0.0041646039004032305
34,26843.787193305558,774,34121.18665795075,8.107381005441026,east,A,,3,1846,0,0.0
41,25620.962725833386,688,18037.09344266811,9.32884881954863,east,A,8.502500752038165,1,1847,0,0.04320548764564282
41,52893.180335378376,648,16254.504577756308,0.254515094688973,west,A,,4,1848,0,0.03614851542847017
37,33288.82107199919,787,48867.14933483929,19.669469479533827,north,A,10.602226334201386,4,1849,0,0.012042225549665745
27,49893.29373044933,679,12840.8086582813,3.2917842002933115,east,B,11.965832412923524,1,1850,0,0.015658206420287864
50,52076.51779024797,640,6459.563293222862,7.259621888878339,east,B,,4,1851,0,0.06761915496148335
43,52745.744012257026,787,47722.56778364524,3.906724001482822,west,A,8.33647765147438,2,1852,1,1.0
51,36438.17889436848,774,18770.30249253955,2.627941065832843,north,A,,3,1853,0,0.013766600113058065
55,63480.23573721798,770,22703.902277929268,18.952097635930343,east,B,,5,1854,0,0.10727091438130024
40,48661.47145300882,300,8642.070677453978,2.9104219962806583,south,A,10.80675248505345,5,1855,1,0.9685901837721503
50,56616.13520256743,694,23182.934650399446,1.9547342503728098,north,B,10.535080572253108,2,1856,1,0.9407278445953386
65,32053.405790795052,671,48749.95808458476,4.403461409244445,east,A,9.390264274013186,2,1857,0,0.0
65,47325.0866480602,646,36230.88730271344,0.5334108282991675,north,C,8.946293608025647,1,1858,0,0.0
44,66459.4172490518,710,26322.118017493984,0.4590668157884983,north,A,9.508997020528998,5,1859,0,0.0
45,64552.66447713052,676,18836.224070555887,4.409492920897796,east,B,12.297484699645485,2,1860,0,0.0
44,38040.60975613409,717,21471.97816764689,5.616621138639092,west,A,,5,1861,0,0.01717925769023867
47,41816.62714137732,623,32505.26674820893,11.304637563810374,east,B,9.874386553712089,5,1862,1,0.9970986127122324
54,35169.69904904272,799,16450.252817238936,3.7562218080398933,north,A,,3,1863,1,0.9611769294152888
44,40153.806226086774,727,11837.638647284002,5.0263688594499865,north,A,13.120701859748916,4,1864,0,0.0021162759778036284
65,29013.986889402066,704,36330.29032746417,13.175012575535497,south,B,9.399383483527373,3,1865,0,0.006153623962156869
65,47927.36191387289,699,44126.13997034822,13.761435670256578,south,A,11.917613312021922,3,1866,1,1.0
42,59497.07597274266,765,45569.25087893661,1.4764850565417358,north,A,12.463958806530044,2,1867,1,0.9679249677235703
41,38224.20704298382,752,42863.83393451046,5.153939642138906,south,A,9.872491470018703,5,1868,0,0.043692839525822834
36,48640.90576008234,638,28876.985676496366,4.175640267770245,north,B,9.578562041846475,1,1869,0,0.0
48,46692.52388552965,749,40497.39360518378,3.7720326454219886,east,B,9.341892655903568,4,1870,1,0.9748311540400162
38,65826.78097397329,667,46686.007929532396,3.2748067949400776,east,A,9.488353731514835,5,1871,0,0.08494966008003554
36,40826.12244793368,841,6051.31653232104,1.165165972814035,south,B,11.708479721153665,5,1872,0,0.0
48,41371.758385237226,759,23544.41979686864,13.291110872651066,east,C,,4,1873,1,0.9670616343684597
31,37309.68307561458,587,14185.64658065877,1.254548485043126,north,A,10.470579418339739,4,1874,1,0.9373444469702841
54,32937.35719882268,850,49854.59534410354,1.926687217740147,west,A,7.74955297924033,5,1875,1,0.9586366808344047
48,57937.77487170455,439,46830.47043349284,0.3885356299560272,north,A,8.06501984524953,5,1876,0,0.006918157901438466
65,47973.33805504282,713,41098.3677984194,3.838822087957655,east,A,,2,1877,0,0.03532711464214748
44,50822.147897349525,580,18314.591230677455,10.004875985773685,south,A,9.64434854942262,4,1878,0,0.0
51,69119.61734293096,838,47844.60190453088,0.1817970865981444,south,A,8.450456008843279,3,1879,0,0.0
24,69981.21088891808,675,6316.2698027964925,0.2990955587192945,east,B,12.862198331178595,2,1880,0,0.0
53,25306.48538247795,570,13461.786793290903,5.747733661700769,east,A,,5,1881,0,0.0
59,59717.52009643351,623,32759.318940391688,0.8949369138907212,west,A,11.156309833729043,1,1882,0,0.0
43,53384.70388566784,578,40685.30204262387,2.0544893150929173,east,A,,1,1883,0,0.03682798124422696
36,43076.135012810955,619,44763.388390200664,3.406758631013812,north,A,9.362653818846391,1,1884,0,0.04030365993236061
45,54915.25530541914,617,18522.887481556645,2.4656662236631064,east,B,,2,1885,0,0.0
54,24104.251471688214,574,22586.20704813062,1.0249082966944059,east,A,7.234523659402747,3,1886,0,0.022072549194230157
57,71939.635141646,677,25467.233087918587,0.11663475605325244,west,C,9.824145181160205,5,1887,0,0.043811628667361456
27,57724.16145607861,689,6213.82183402617,8.8303591312094,east,A,,5,1888,0,0.005060444384126991
65,37022.03382751011,550,43878.6163873446,7.462867116112481,west,A,13.700926467687507,5,1889,1,1.0
36,41218.84667270714,484,20207.67869237817,6.486131325632362,east,A,10.171998130010431,4,1890,0,0.0
51,24452.802866788395,681,13967.530418991435,0.6647237384458404,east,B,5.33164591557939,3,1891,0,0.0
61,45290.64125245619,703,23413.86783949788,0.523655290905825,south,A,9.812029134430757,4,1892,0,0.0
40,42759.02034139125,723,36975.351870456114,0.7195001866398546,south,A,15.479008266216612,2,1893,0,0.03236190470147543
57,30123.344193143614,705,44191.20107272149,19.92864011129548,north,A,,4,1894,0,0.0
27,61650.53350564667,807,14691.940979703015,0.7463750765635746,east,A,8.378222112382822,1,1895,0,0.07239873035572757
25,69151.95784541713,749,12767.583516592807,7.371747075412799,west,A,,5,1896,0,0.02808871902475263
58,49589.59264933284,850,47470.233551915444,5.123524596674599,north,A,8.51597315022052,5,1897,0,0.08751472363089857
56,45415.29675730448,850,29790.185862360548,16.92543189916951,west,B,,4,1898,0,0.0
46,56524.76903197691,474,21459.740854636555,14.047268551079265,west,A,9.303261273531856,1,1899,0,0.0
54,49705.41556257435,430,13969.37547788553,1.876943341617097,south,B,10.183052878477723,2,1900,0,0.03285530448804815
65,33767.3117565322,649,49786.151998929745,2.4901771596756492,south,B,6.255688995133209,4,1901,0,0.051528253895713694
62,40209.830201191086,700,37363.29291911982,4.657454591590229,east,A,7.701681418922728,3,1902,0,0.0
41,45553.45989877954,642,14804.838867972436,26.114819811533728,west,A,10.020671126364709,3,1903,1,0.9001201746208173
45,53722.79891715044,720,9106.675017221878,30.0,north,A,9.183653648022092,3,1904,0,0.0
39,50140.050768147026,622,13967.705478571062,1.4895417797365884,south,A,,5,1905,0,0.01306924629234903
38,53155.54069980674,580,16148.417175841014,1.7484768814409932,north,C,7.5706633453828776,1,1906,0,0.07700946939362108
53,27127.58025074117,595,9998.854216772132,19.27494111786016,east,B,11.428227497106601,3,1907,0,0.0
39,59978.26616127393,629,15334.311682118148,5.450491263474744,north,A,7.6324818058796104,2,1908,0,0.0
53,50051.238260127684,734,10255.08672198189,0.5214056079850823,south,A,,4,1909,1,0.982577522388403
40,88290.63581225231,601,21997.926539895318,3.5065074698078575,east,A,6.568483431243367,2,1910,1,1.0
42,44185.4844473538,621,26878.786662642888,0.34351670397642187,west,A,7.814891459233175,2,1911,0,0.11293478765437058
33,54851.87742664058,707,25487.82376614131,9.58247039322888,north,A,,1,1912,0,0.021222634414129943
52,92438.28743312752,630,42314.45307570791,1.021521685569541,east,A,,5,1913,1,1.0
27,52911.37444254768,761,16429.792385062014,10.258763879455078,north,A,10.630086072232341,2,1914,0,0.04350994971582651
59,48985.54191085975,558,44919.22207497558,14.570493306209865,east,A,11.125715840364782,5,1915,0,0.0
65,35196.17157874023,536,45865.526833796095,8.6967626117507,north,A,10.035073803346117,5,1916,0,0.034926150771793285
43,72923.99550813477,680,48190.987040163986,7.710143857636119,west,A,,5,1917,0,0.0
42,32613.476207351447,690,13144.245524819817,2.4788553813898515,north,A,9.019723303521241,2,1918,0,0.0
28,56406.81375272183,563,16058.80158059171,7.132988003578848,east,A,7.5761805600374466,4,1919,0,0.05698685225415656
36,42896.670180374276,784,33072.452481083325,5.639215394251574,south,A,7.442580064446257,5,1920,1,1.0
55,47159.95606132966,842,11340.123494229001,8.95236680046451,north,A,10.803497838639492,1,1921,0,0.05512482205301862
57,28641.015970849126,587,8852.959865139102,0.06533620534489125,east,C,7.753644035824077,1,1922,0,0.0649631720994283
44,70146.90832600843,798,8316.374541415149,5.056173234539211,north,A,,2,1923,0,0.0
54,45833.040411225855,411,32276.733559981196,0.4190045513226464,east,A,7.396354495557805,5,1924,0,0.0
34,31773.655116604496,757,41210.5163904494,4.4907942096805415,east,A,10.59276604023351,1,1925,0,0.05810462274155584
47,68790.35895560138,564,16649.854819663487,2.5854474228944992,south,A,9.022634862074074,4,1926,0,0.06012036849831005
64,42437.947804440446,747,47009.02492066048,2.5482511477467438,south,A,,5,1927,0,0.01282973081515301
50,55019.10937596082,553,40637.09785545729,6.148582683980401,south,B,10.64743779115813,5,1928,0,0.019610800846856558
65,62621.24573201549,643,8485.718241428207,2.6645930187774347,west,C,12.471565785988282,3,1929,0,0.04465238490413784
65,57110.5149586148,568,23328.640783616665,7.8595581063018845,west,A,,3,1930,0,0.04372044556759286
48,17050.466742514473,628,8060.668971541645,6.04927535140367,north,A,10.112286680488335,4,1931,0,0.0
22,60430.3505146668,832,46183.73710070727,0.6661902060004757,south,B,8.037825683767444,4,1932,0,0.04779251176697716
57,48490.79356002308,639,38426.09650126904,5.218184291797403,north,A,9.172789514511164,4,1933,0,0.0
30,45064.569547950014,850,35894.53086596227,0.47276245794500965,north,A,9.475791554510742,2,1934,1,1.0
23,48363.87576537167,611,35721.583097638926,5.018136765705427,west,B,8.548283558625721,5,1935,0,0.010001122775732493
26,25849.508090883774,799,17833.212585308458,5.834496967051905,west,A,7.56899428230861,3,1936,0,0.0
58,52882.56371992704,487,47009.26198403189,11.090345109575615,south,A,7.172965352694694,2,1937,0,0.0
48,29534.129394360345,621,46524.94961991777,2.612700150297414,east,A,,4,1938,0,0.11170544383907487
44,45712.40435665053,596,38276.996421840384,2.6086978069818514,south,A,7.887307072993084,4,1939,0,0.0
49,52343.96647307316,803,26101.859318230687,8.21196160563239,south,C,11.25498779334369,1,1940,0,0.018497963332776857
26,66110.55631981422,668,7120.207885582184,6.37997315525694,west,A,6.803002935973434,1,1941,0,0.028989958823330365
39,37705.80260210428,441,6274.0107561666055,12.305790217036652,south,A,,1,1942,0,0.0
35,71773.81057768983,518,11216.04498157405,4.210595097177183,south,A,13.581797142465831,3,1943,0,0.033574496768157776
43,64202.798802727215,548,31809.411216187593,1.6967248996212905,north,A,8.727007900303493,5,1944,0,0.016449163303634117
44,43558.85386264196,743,40914.47206421122,1.5616167963435352,north,A,10.642092018329672,2,1945,1,0.9564874225941312
49,33368.76100396096,730,47680.95921231286,2.1458243494932603,north,A,11.28463429300099,1,1946,1,1.0
51,28342.757266543682,619,12891.293567426605,12.281663536433808,west,A,11.325052259562561,5,1947,0,0.0
27,54076.30777299709,595,17398.754635827125,8.081184818159358,west,A,6.955371538783881,4,1948,1,1.0
39,38940.73775688779,721,7434.512917448677,2.58492094841327,south,B,9.537880640201019,3,1949,0,0.021456263860854224
42,67990.35207922573,537,49507.12250963958,11.027640206482177,east,A,6.763545460963216,1,1950,1,0.9649923236957374
30,39807.14255257594,695,40141.17856449829,1.143329142945995,north,C,14.892635717820646,4,1951,1,1.0
29,36489.935299220415,687,26632.135813551235,15.794955713141494,north,A,6.8102494719688,2,1952,0,0.0
26,53504.3952686647,622,30900.440988610044,0.6604497238711952,east,A,,2,1953,0,0.012888953999679606
29,39709.29714260865,689,30297.848509989133,13.017938605234956,north,C,7.918798290316991,2,1954,1,0.9887151105166745
53,50128.24990053205,660,16446.233891441763,1.7308376748017245,west,B,,1,1955,1,0.9586564415803271
27,64789.839950877824,699,13342.581243203882,8.200697857589503,south,A,,3,1956,1,0.9580279302731511
28,51758.439975030866,516,18363.907247995936,0.5928073333546601,east,A,14.844895802166992,4,1957,0,0.12174671290815423
43,51814.46691054086,711,16121.909740826746,2.3371539376371793,south,B,9.048501761374766,5,1958,0,0.004569614085084397
47,53077.20063362627,752,30088.764043896244,1.1746769789798686,north,A,7.359153706311179,4,1959,1,0.9784130417685402
41,24603.515145719102,682,18869.12626279356,14.029318461608995,east,A,5.526149002547958,5,1960,0,0.0
31,55877.56624895735,710,37802.515622705425,1.3154874188463341,north,A,9.511782562955798,5,1961,0,0.023558305145129223
30,52398.97365088844,639,30557.2879785666,2.8689258327205263,south,B,9.367269153677112,2,1962,0,0.0
43,63393.45990475131,739,28951.869443632128,0.5116030723146233,south,A,8.69740774727971,3,1963,0,0.0
40,59087.162017056784,656,47808.21951901609,4.519574072373074,west,A,,2,1964,0,0.0
37,46970.77052591729,535,19508.429092114457,29.262192731115576,east,C,10.790346285630973,4,1965,0,0.0
53,65485.89337266035,732,33587.14384579675,2.263882892169854,east,A,,5,1966,0,0.0
39,45610.53953580919,486,5002.278216234289,27.434496519584087,east,B,,5,1967,0,0.0
29,53707.35656116557,678,38161.56412747711,5.641111864502452,west,A,,1,1968,1,0.9804514199598253
37,45332.75854280966,611,27614.476805754253,2.475896496692892,south,B,11.331666195613431,3,1969,0,0.0
49,56926.367073848174,605,14377.323077800687,7.7127659324026645,west,A,10.02502751884306,1,1970,0,0.0
39,44352.653260433566,667,5067.975039287774,0.2852459976889144,west,A,11.776715049669301,2,1971,0,0.013825003411934864
48,74713.27413412351,579,36812.47838016892,8.733105263617059,west,A,11.580151098944462,3,1972,1,1.0
51,80260.44105838459,701,34821.53165977582,4.790280912777209,east,B,7.1564758619057685,4,1973,0,0.06658825851686827
39,63109.07381279007,655,34943.32024158051,3.3375152282821876,west,A,,4,1974,0,0.0970959734644257
41,73119.44974121042,588,24685.46704042075,7.475566227408667,east,A,8.488918562518943,5,1975,0,0.0
38,26911.782787114294,783,33768.37965964769,2.418285381399875,south,A,7.8874691834186645,2,1976,0,0.08373441187355955
49,28679.333850875082,670,30710.06555477271,7.276683785462317,north,A,11.510503551952201,3,1977,0,0.011363790818458354
38,45176.5915005318,713,15750.27700750709,12.216356776887729,north,A,,1,1978,1,1.0
47,50618.464478883165,791,28344.561866079286,1.1242526546462916,east,A,,1,1979,0,0.022885197902407742
44,47026.888728505015,790,28156.675757850284,2.8541619995486798,north,A,10.792973634821836,5,1980,0,0.0
26,25367.971255505698,707,42063.02997050182,8.830739742211323,north,B,,5,1981,1,1.0
48,67273.8755948547,619,24507.00602018312,0.6704738806925354,east,A,12.39945956068834,5,1982,0,0.024246527680923786
43,82312.97350035404,507,24623.844609482465,1.5652041717350844,south,A,10.939454679470098,2,1983,1,0.9115906750293552
60,69214.81518758934,670,49298.201207366736,2.9285831011560415,east,A,,4,1984,0,0.0
30,66282.84903179707,759,45250.874278651994,1.751098579425991,west,A,,2,1985,0,0.04362020932891398
44,53391.794077184044,685,15902.869551968379,3.6266747863525275,north,C,10.23036176630558,4,1986,1,1.0
36,37355.03943909294,305,45963.189260090025,8.290177857962671,east,A,9.391318790164156,3,1987,0,0.023473548549889808
27,51087.920789539516,737,11208.499535571475,9.369270230029432,west,A,8.324353482444701,5,1988,0,0.0
25,81583.82055262255,743,43402.59764330002,19.44809019683427,north,B,11.406050918090823,2,1989,1,1.0
64,44720.17831239416,619,13249.55195285078,2.566745092715074,west,A,,4,1990,0,0.0
44,43175.64128264088,748,24152.15070042638,1.6006734544471484,east,C,9.89882519713314,4,1991,0,0.0
39,66609.5548865587,712,49276.47340707528,1.228633079540265,east,A,12.615831247559678,4,1992,0,0.0
28,67605.29076118393,581,9367.202144850366,2.924640713845683,north,C,,1,1993,0,0.045743117733158076
62,37281.47291337795,777,42790.45189856024,3.337498760665091,south,B,9.889093250384171,3,1994,0,0.01727342914228409
34,46077.730801438665,523,27263.02772874468,12.291043942569091,south,B,9.919810175791127,3,1995,0,0.012227388746967226
45,42471.41756147848,644,9994.611459879967,3.121335416816564,north,A,8.546011255185306,2,1996,0,0.10253923312457887
42,51045.34068591635,634,47862.11205972513,0.8561962348731378,west,B,14.767722075963746,5,1997,0,0.02368995847587315
65,66555.3000642724,567,29715.411566265167,1.8419066588089679,east,B,9.867614734622478,5,1998,0,0.06002483438216969
41,37939.587183078635,680,44628.84598659509,0.07632166673205928,west,A,,1,1999,1,1.0
36,66344.97218355405,781,44109.812389403785,8.267967998650539,north,A,10.05192422686701,4,2000,0,0.0
